rsid,Howard18_risk,alt.allele,beta
rs10032644,T,A,-0.0637488282459518
rs10037952,A,G,0.231596566346467
rs1004631,T,G,0.0492728267674163
rs10047634,T,T,-0.129820033368948
rs10066278,G,G,-0.00327755765521353
rs1010031,T,T,-0.178648300857035
rs10131416,G,G,-0.0235454085421731
rs10133848,A,A,-0.245535556865249
rs10135727,T,C,0.245997454557035
rs10139953,A,T,-0.0826493762606656
rs10142536,T,T,0.0755891316545305
rs10144218,G,A,-0.082374151352485
rs10145001,G,G,0.0462718584446587
rs10145005,G,G,-0.0940631475546707
rs10146389,A,C,0.0986398477340086
rs10150781,A,A,0.0956226385123937
rs1015322,A,A,0.304789471877475
rs10163636,C,C,0.17204678356336
rs10163638,C,C,0.157943518139839
rs10212378,C,G,0.0786615151659233
rs10216012,A,A,0.0875455777773884
rs10234557,A,G,-0.0536234458194663
rs10439021,A,A,-0.246593463904697
rs10447540,G,G,0.0554257667124924
rs10447541,G,G,0.0352660185936273
rs10463297,C,C,0.144316805469115
rs10470470,G,G,-0.0517696412138912
rs1048243,G,G,0.00482191976799072
rs10492814,A,A,0.044773265065142
rs10514294,T,C,-0.00791673631912411
rs1055236,C,T,-0.0454466985330148
rs10736887,C,T,0.0617618864852274
rs10746326,C,T,0.183690685834783
rs10762179,T,A,0.0663628348680208
rs10762181,G,G,0.199499175765314
rs10779093,G,G,-0.219432653951534
rs10779111,A,G,0.0145035616635989
rs10779702,G,G,-0.57687714222842
rs1078193,A,T,-0.0640027208975744
rs1078194,T,C,-0.0689616230584292
rs1078816,T,T,-0.237258617355702
rs1078817,A,A,-0.0884071191138199
rs10789336,A,A,0.259094841098445
rs10823079,A,A,0.0106297882207419
rs10823108,G,A,0.298852396775474
rs10823133,A,G,-0.191100978194376
rs10823134,C,C,-0.0989795100049048
rs10831196,G,T,-0.00763903493544032
rs10831239,T,G,-0.00448928052733429
rs10831245,G,A,-0.299554704820965
rs10852505,A,T,-0.157787773207772
rs10862890,A,G,0.213602902616953
rs10873173,T,T,0.183570948948805
rs1089266,T,G,-0.210698981493718
rs10901776,G,C,-0.135997025427436
rs10950400,T,T,-0.107733671181844
rs10950407,G,G,0.0729115244783947
rs10950411,A,G,0.11215771397855
rs10950423,A,G,-0.116796167847584
rs10952734,C,T,0.0985978238999639
rs10997691,C,C,0.0708961150249961
rs10997789,G,G,0.0260226882372346
rs10997810,A,A,-0.213501711879977
rs10997813,A,A,0.0866924294918436
rs10997839,G,G,-0.104469683988489
rs11020812,T,C,-0.0364137933947924
rs1107286,A,A,0.0697382684217014
rs11075906,T,C,-0.0165992713147864
rs11075908,T,C,0.110503553760458
rs11075919,T,C,-0.0787198088435191
rs11075924,A,A,-0.195813355404431
rs11105263,G,G,0.112316387715399
rs11105264,G,G,-0.0320081808777233
rs11105286,G,G,-0.191263875244481
rs1112058,C,C,0.0256835988897839
rs11121159,C,C,0.00791227081667029
rs11121161,T,C,-0.0229603802113107
rs11121162,G,A,0.0927349667623413
rs11130025,A,A,-0.0408686242617739
rs11130029,A,A,-0.115060725870651
rs111307712,T,C,0.156042384682607
rs11152272,C,C,0.174880013869503
rs11156431,T,T,-0.0951689299354742
rs111612748,A,T,0.07149740770057
rs11165652,T,T,0.0109672399238177
rs11165674,A,A,0.0467447602310139
rs11209943,G,G,-0.099280913377053
rs11209951,T,T,0.064074393740773
rs11209952,T,T,-0.0162264724736689
rs11245274,C,C,-0.0569790051972215
rs112481526,G,G,0.00194564240214845
rs112862634,G,C,-0.0858900823578615
rs112914232,C,C,0.0950096265249877
rs112950226,C,A,-0.0803457743414014
rs112961123,A,G,0.346148570142952
rs113228343,G,A,-0.177553854236064
rs113467629,C,C,0.021662721307913
rs113776330,C,A,0.131785568345746
rs1152590,T,T,-0.0434060382773108
rs1152592,G,G,-0.0741921973078669
rs1152593,T,T,-0.113889863547516
rs1152594,G,G,0.161172995612505
rs1152595,C,C,0.0724349488266709
rs11540403,C,C,0.12959944367941
rs115714540,A,A,-0.00786370046867154
rs11628221,G,G,0.0791523452923843
rs11640135,A,G,-0.0107094668360305
rs11643192,A,A,-0.121834045419554
rs11646364,T,T,-0.112402695890676
rs116994663,A,G,0.00613088480083763
rs11707173,A,A,-0.0384395153388018
rs11707572,T,T,0.0169488986401825
rs11716461,G,G,0.163093489385695
rs11717830,T,T,-0.20394425815096
rs11744560,T,T,-0.14527163747722
rs11754600,T,T,0.130713445709535
rs11762469,A,T,-0.061542792483987
rs11764040,G,C,0.222280465140139
rs11764061,T,T,0.0504921984077359
rs11766575,C,C,0.2514338995927
rs11770899,C,T,-0.0484415325586583
rs11771283,C,C,-0.0941821126195568
rs11771625,T,T,-0.181610781093913
rs11772627,G,C,-0.127036631997372
rs117803128,C,A,0.183896546116804
rs11812870,C,G,0.0460460684940698
rs11819478,G,A,0.0192728967101144
rs11845653,C,C,0.163406923899754
rs11848179,G,G,-0.0149049624021218
rs11849935,C,C,-0.0137867865126615
rs11851236,G,G,0.104292579717771
rs11861296,T,C,-0.0287730233988833
rs1187213,G,G,-0.156931621249453
rs1187224,T,T,-0.21029070994893
rs1187233,C,C,-0.0120650625484213
rs1187244,C,C,-0.00428795038442488
rs11876936,A,A,-0.0464475475381043
rs11948659,G,A,0.0461299438113919
rs11950674,T,G,0.090303126140975
rs11958868,C,C,0.162837358684825
rs11976342,T,T,-0.0641267522410014
rs12032943,T,T,-0.276415832617674
rs12036585,T,T,-0.0169164995276533
rs12040479,G,G,-0.31114874304807
rs12080583,G,A,-0.0218234852826904
rs12100642,A,G,0.0203890321642543
rs12102548,C,G,0.250454721031333
rs12108134,C,T,0.0256687290156109
rs1213048,C,C,-0.232139005339515
rs12131816,C,C,0.0566636902054605
rs12149307,A,C,-0.0587135485302318
rs12149325,G,C,-0.140412691538212
rs12150703,T,T,0.0190380830993812
rs12186073,C,T,0.0166641623950406
rs12188417,T,G,-0.217086957709421
rs12193005,A,A,0.104439319889544
rs12194974,A,A,-0.162489386803073
rs12205232,C,A,0.0327957261981813
rs12220640,C,A,-0.0735881200990937
rs12246428,A,A,0.112325972607869
rs12257551,A,A,-0.19187876359871
rs12300350,T,T,-0.0395364510642592
rs12310246,A,A,-0.00766465568609682
rs12311476,G,G,0.0351948882607563
rs12313025,T,G,0.0978495046313533
rs12323665,G,C,-0.146791959287297
rs12373205,G,G,0.0255773641203289
rs12413892,C,C,-0.28465955741072
rs12445641,C,T,-0.11122606056982
rs12445713,G,A,0.0475380984438296
rs12454204,G,T,0.120478620401035
rs12454336,A,G,-0.00398195020738079
rs12456002,C,T,-0.0167979827814673
rs12456067,C,T,-0.160253201121986
rs12456731,C,T,0.217672012378709
rs12457718,T,C,0.241850927283184
rs12457769,T,G,-0.229328937662809
rs12486595,G,G,0.0156900476451494
rs12491877,A,C,-0.22602799661717
rs12497958,A,C,0.0152768348220865
rs12528131,G,G,-0.0414465530999473
rs12531150,T,T,0.119498508418624
rs12534131,T,T,-0.0474029553633292
rs12537790,A,A,0.0631312942982884
rs1256113,C,C,-0.100894519818472
rs12566597,A,A,0.0172375895887808
rs12574292,C,A,0.132759066612064
rs12605773,G,G,0.177704166853781
rs1262464,C,C,0.181378921855121
rs12666575,T,T,-0.186543187156687
rs12669937,T,T,-0.0381646667405257
rs12670737,T,T,0.0636633804850303
rs12673108,A,A,0.0463758765634082
rs1267673,T,C,-0.208634125617784
rs12699404,T,T,-0.168128199689693
rs12699476,C,C,0.0676098739357113
rs12699477,C,C,0.146351777382593
rs1270146,T,C,0.0858047921180009
rs12703989,G,A,0.170586220717679
rs1271573,G,G,-0.0742217600992797
rs12717986,T,T,0.167087138391796
rs12742079,T,C,0.0526350466051319
rs12747341,C,C,-0.0111202309165182
rs12751763,T,T,-0.148961064874325
rs12761008,C,T,0.0982866922151059
rs12765129,T,T,-0.198717916901829
rs12771808,T,T,-0.115868115957192
rs12773190,G,G,0.0246492607666477
rs12779301,C,C,-0.0331789548779507
rs12779515,C,C,0.130612804274293
rs12791316,G,C,0.0129238260735059
rs12816997,G,G,0.0251546527700824
rs12818959,A,A,-0.161135739441516
rs12826320,T,T,-0.0169105983609652
rs12831617,T,T,-0.0195143377190429
rs12880360,T,C,-0.018072742920176
rs12894546,T,C,-0.118562180956135
rs13058792,A,A,-0.149423750297248
rs13066574,T,T,-0.12806486903558
rs13081128,C,C,-0.0903729730182376
rs13083204,T,T,-0.0377150740623383
rs13086084,C,C,-0.143107621611344
rs13100959,C,C,-0.0101113077334536
rs13100967,T,T,0.0810862478101926
rs13168787,A,A,-0.0278345982512458
rs13170977,G,G,0.186449440357438
rs1318914,C,G,0.340670703071213
rs13197753,C,C,0.0793121048618233
rs13203645,C,C,-0.0391653195009531
rs13211658,T,T,-0.075480542877195
rs13225225,T,T,0.104533672600808
rs13319803,G,A,0.0791854331734261
rs13330178,C,G,-0.0600407030166974
rs13447595,A,G,-0.0276597318976104
rs13575,C,T,0.0811677077342753
rs1367638,C,C,-0.0780549666354622
rs1368418,T,T,-0.0448442514549016
rs1368419,A,A,0.0587112134009785
rs1380405,G,A,-0.00308978085449643
rs138730646,C,T,-0.11632838945533
rs1398553,A,G,-0.0892266768576442
rs1398554,G,A,-0.0700729035067652
rs1402751,C,A,0.138571379017704
rs142530641,A,G,-0.396828621448489
rs1427040,T,C,-0.131369225872803
rs1427921,A,G,-0.0164543026080276
rs1458198,T,T,-0.0827783081559007
rs1459599,T,C,-0.0448147209850171
rs1459606,A,C,0.0845158709589762
rs1466655,C,T,0.169074828343753
rs1467013,G,A,0.269783769349254
rs1476816,A,A,-0.0664199254552779
rs1486096,A,A,-0.0293453069097866
rs1501672,A,G,0.167957426779999
rs1501673,G,A,-0.0969360557433784
rs1504744,A,A,0.107695293523543
rs1533933,C,C,-0.0346441004832462
rs153685,T,T,-0.145926196351534
rs1540319,G,G,-0.268980755764271
rs155361,A,A,0.226411263436373
rs155364,A,A,-0.241665245348156
rs155807,T,T,0.0466535669763683
rs155808,C,C,0.244794522561512
rs155820,G,G,0.0373905067129019
rs1565207,T,T,0.228595163892603
rs159961,C,T,-0.0481523846660577
rs1607622,C,C,0.0514393263527118
rs1630422,T,T,0.174200632510848
rs1630524,C,C,0.211325860218144
rs1639945,C,C,0.290991661255828
rs1639948,A,A,0.00625846569215985
rs1648919,T,T,0.147841760627229
rs1656368,G,G,0.0969033968780399
rs1656369,A,A,0.0380089823949379
rs1656373,C,T,0.138752916529202
rs1656376,G,C,-0.0224175985843283
rs1656377,T,C,0.113013929869428
rs1656378,A,G,0.0724411175353256
rs1656379,A,G,0.0643001634240251
rs165944,T,T,0.120869604846932
rs16829118,A,A,-0.0419482674048033
rs16829273,G,G,-0.235316985273906
rs16902864,T,C,0.0322090381090986
rs16902899,G,G,0.0677493370622902
rs16903122,C,T,-0.327639607075579
rs16903177,A,A,-0.0726406942645731
rs16903178,G,A,-0.057851924644485
rs16903275,C,A,0.0801194490463845
rs17115490,T,T,-0.0573237685061946
rs17118938,C,G,-0.107035590888489
rs17144227,C,C,0.0530847981570392
rs1714507,T,A,-0.0931330346894772
rs1714518,C,T,0.188973949836088
rs1714520,T,C,-0.136268887566478
rs1714521,A,C,-0.0323794071232303
rs1714524,C,T,-0.191946332907235
rs1714525,A,A,0.432234673427658
rs17184217,C,T,-0.0645399361810733
rs17207485,G,A,0.099768939578328
rs17286683,A,C,0.10547573382804
rs17358402,C,T,0.185884879107899
rs17411061,T,T,-0.00440214819520733
rs1744206,C,C,0.0751384218981293
rs17451403,T,T,0.10332097066346
rs17486305,T,T,0.0599933335739784
rs17628988,G,G,0.155627204789861
rs17629390,G,G,-0.0630057901363405
rs17629414,T,C,0.15169586371569
rs17630785,T,T,0.235252357405281
rs1787068,G,A,0.0250934567296779
rs1806157,A,A,-0.0405269933665076
rs1806159,T,T,-0.086746127918244
rs180755508,T,A,0.0890275126968247
rs1814149,A,G,0.0691042035322432
rs1833281,G,C,-0.0178718310220126
rs1833282,A,G,0.0833497277210854
rs1833834,T,T,0.210409281197569
rs1834034,T,C,-0.0466690634705612
rs1868603,G,C,0.0155718265074636
rs1870676,C,C,0.104316612555933
rs1879901,A,G,-0.152423512203804
rs1881915,A,A,-0.120479965644806
rs1881917,G,G,0.00774459720258819
rs1884352,G,A,-0.0375664049468074
rs1894620,G,G,0.036940398503784
rs190256608,T,A,-0.00816070740941115
rs191959311,A,G,-0.232703160656888
rs1920014,A,A,0.0123797381370454
rs1920015,T,T,-0.082552677363534
rs1920017,G,G,0.0398909487751862
rs192231,C,T,0.163276097881102
rs1933805,A,A,0.294392366993387
rs1942032,C,T,-0.0718643220505622
rs1966865,A,A,0.0568163196449147
rs1985797,A,A,-0.0637190585296072
rs198865,C,T,0.0671038749129892
rs2008263,G,G,-0.252515192336257
rs2067599,A,A,-0.0615561283786011
rs2071164,G,G,0.206804363213032
rs2071754,C,T,-0.165330998419472
rs2072141,G,A,-0.0184587967821884
rs2109927,C,T,0.0568010721231807
rs2135530,G,A,0.142590592813502
rs2141575,G,G,0.118113788618861
rs2141576,C,C,-0.252497749822323
rs2155209,C,C,0.0980954765164622
rs2156284,G,G,-0.194628152277004
rs2171575,A,T,-0.147001024101584
rs2178389,C,C,0.0241692175610609
rs2187413,A,T,-0.0702222301434057
rs2195270,C,T,0.049856969547755
rs2195271,G,A,-0.124237642611261
rs2203901,G,G,0.150664417968371
rs2215592,G,C,-0.225785670748824
rs221615,G,G,0.187579098819128
rs222901,T,A,-0.150806194401324
rs2249213,A,A,-0.00831336740048066
rs2256545,A,A,0.0469858612254196
rs2270052,A,A,-0.0659178680745528
rs2273771,G,A,-0.094894378830268
rs2282585,T,T,0.259736557056378
rs2287999,A,G,0.0770725887545756
rs2288029,G,A,-0.0293928307043972
rs2288031,C,A,0.0456788508929159
rs2293600,T,G,0.00947067062744899
rs2296565,A,G,-5.99064931715691e-05
rs2304608,C,A,0.44097526742399
rs2337224,G,A,0.0209720567474663
rs2363657,A,A,-0.0649013480111575
rs2372774,T,T,0.0978724663666865
rs2372775,A,A,0.0625126946146567
rs2372828,G,A,-0.122318637813587
rs2400051,A,C,-0.0481683254150477
rs2400074,T,T,-0.0877026417179073
rs2400075,G,G,0.150803373610595
rs2429997,T,C,0.0133437258745164
rs2446664,C,T,-0.0725416643230953
rs2446665,C,T,0.0842595193942633
rs246746,A,A,-0.0170251431837596
rs2486143,G,G,0.096214024593257
rs2499655,A,A,-0.232216053485622
rs2499665,G,G,-0.140056267729961
rs2499667,A,A,-0.0844251816937495
rs250425,C,T,0.0219626135915191
rs250427,G,G,-0.359757368366446
rs250429,C,C,-0.0908534049026011
rs2508784,A,G,-0.120268453993154
rs2509943,C,G,-0.194563995449218
rs251352,G,A,0.216969015164288
rs251377,C,A,0.181963779181833
rs2530247,T,A,0.115676833721886
rs2536956,C,T,0.301731046745905
rs2563298,C,A,-0.182229293211146
rs2563321,C,G,-0.00666358852245312
rs2563323,C,G,-0.306224317814955
rs2563335,C,A,-0.025806596315788
rs2566346,C,A,-0.0538642183986855
rs2569163,A,G,0.0594776090892098
rs2569164,A,T,-0.102981474882765
rs2569165,A,C,-0.0166030209011731
rs2569166,G,A,0.0627049906157366
rs2569167,G,A,0.102466190957454
rs2569170,T,C,-0.0467673440411755
rs2569190,A,G,-0.0131154973721866
rs2611289,G,A,0.164803550598157
rs2611292,C,T,-0.168734947787856
rs26579,C,C,0.166045330987123
rs26582,G,A,0.164059508373098
rs2682406,A,A,0.329352533363152
rs269223,C,T,-0.0235979799489082
rs269225,C,G,-0.0565953555496041
rs269227,T,C,0.063505554089143
rs269238,T,G,0.0996451213633029
rs269263,C,T,-0.0339575191068118
rs2708633,A,A,-0.0669830637634522
rs2730694,T,G,-0.0175109704181671
rs2731112,C,G,-0.0680058213829407
rs27732,G,G,-0.0779109944704827
rs28469649,C,C,-0.0100131549797197
rs28498721,T,T,-0.0707189910089318
rs28666045,T,T,0.0301531155462755
rs28738919,T,T,-0.0599197332696505
rs28827477,C,C,-0.156320861823095
rs28854492,T,T,-0.0737082149490243
rs2888389,G,A,0.0935734874789184
rs2896498,C,A,0.0844764902954697
rs2898558,G,C,0.0712026503142206
rs2902449,C,A,0.00901808355726501
rs2929737,T,T,-0.271667074346379
rs2956287,G,G,0.0711410372042696
rs2958189,T,C,0.11216969017769
rs2987983,G,G,0.00489928649172144
rs301789,A,G,0.0387424156526042
rs301790,G,C,-0.105940859696133
rs301791,A,T,0.134082020877177
rs301792,A,G,0.0314072555832519
rs301795,G,A,-0.126757938035218
rs301803,A,T,-0.186299413397882
rs301806,C,T,0.0968648001988765
rs301807,A,G,-0.663852453715327
rs3020441,C,T,-0.0719231247497017
rs3020447,T,T,0.0197133310438517
rs3020449,A,G,-0.110978207633594
rs3101339,C,C,-0.0961934261015187
rs3101341,T,T,-0.0946916838605437
rs3125311,G,G,0.158554316787927
rs314261,C,C,0.0167006269194887
rs314265,T,T,0.0470474602827127
rs314266,T,T,-0.0107049199446077
rs314267,C,C,0.169756186931102
rs314269,T,T,0.125611508019517
rs314272,A,A,-0.120549838421159
rs314274,C,C,-0.137652935203723
rs314280,G,G,0.0537056087970344
rs314282,A,A,-0.0392841105742424
rs314287,G,G,-0.0430540242369542
rs314289,T,T,-0.100247178078857
rs314291,T,T,0.025474180072431
rs33922585,T,T,-0.0210813597572521
rs33981648,C,C,-0.0489515213152098
rs34008721,C,C,-0.130908177315742
rs34145223,A,A,-0.0764771532565114
rs34148755,G,T,-0.0049477478637428
rs34416841,C,C,0.270961039411829
rs34418140,T,T,0.171329687329594
rs34419870,T,T,0.00791941442419266
rs34508355,T,T,0.0836168722480422
rs34678418,C,T,0.0254460216684969
rs34847753,T,T,0.192397539018869
rs34922657,T,T,-0.171182059472306
rs35020344,A,G,-0.0547493085343036
rs35028754,G,A,0.152377490339629
rs35103283,C,T,0.0699668342774893
rs35148765,A,A,-0.350784867446865
rs35413162,C,G,0.0674988359005129
rs35614340,C,G,0.111634616579668
rs35791351,T,T,-0.129713700305041
rs35837782,G,G,0.0171018641850623
rs35986134,C,T,0.00309411398072027
rs36103350,T,T,0.0767962386953013
rs364663,A,A,0.282005872872677
rs369065,T,T,-0.033334511596271
rs3740540,G,A,0.156097795712441
rs3750863,C,C,-0.015146596709436
rs3751820,A,G,-0.108712018311777
rs3756334,A,A,-0.0967035044379763
rs3756338,G,G,0.241577930042627
rs3757439,T,T,-0.209336661176957
rs3757440,G,G,0.183841273007393
rs3758789,T,A,-0.0554572332860696
rs3765971,T,T,-0.155907143634473
rs3778969,A,A,0.0019239969215599
rs3778998,A,A,-0.0477645899419017
rs3778999,A,A,-0.112191235557567
rs377958,A,A,0.0384296058815099
rs3783727,T,T,-0.0407862347308228
rs3794692,T,C,-0.0663591101830707
rs3795310,T,T,0.0160446365283697
rs3800869,T,T,-0.0305146374219807
rs3800871,C,T,0.162222271677236
rs3800872,C,G,-0.184957667645176
rs3800902,T,T,-0.0288496467679067
rs3800938,G,G,0.0552338064335617
rs3817373,A,A,-0.187421060830738
rs3822356,A,G,0.19828549104046
rs3824878,C,C,0.0395592258666375
rs3829814,A,G,-0.240971885828586
rs38741,G,G,0.0459017614340746
rs38743,A,A,0.065046119030903
rs3889797,C,C,0.275238298174592
rs395523,C,C,-0.126016663577319
rs3996328,T,T,-0.122969967868436
rs402114,T,T,-0.124524458258987
rs4132193,C,T,-0.0541765198643976
rs41363745,G,A,0.0340950418617851
rs4142531,A,A,-0.123984236640592
rs4151680,G,G,0.0965899207844321
rs4236273,G,A,-0.171777720032499
rs4257287,T,T,-0.0317158554178513
rs4264773,T,T,-0.00525473275156419
rs4299867,C,C,-0.0155149820284769
rs4312220,A,A,0.0975888363891866
rs4331410,A,A,0.152651255677905
rs4369814,C,C,0.0370334584631817
rs4449693,C,C,0.0793499888541815
rs4482931,C,C,NA
rs4484989,C,C,-0.0921520825602891
rs4498080,T,T,-0.160131713755939
rs4504502,G,G,0.0102959131351771
rs4515420,T,T,0.0849770617939134
rs4545602,A,A,-0.026820324984642
rs454568,T,T,-0.227525678234872
rs45605540,C,C,-0.134572550078358
rs4632045,T,T,0.0753171622467761
rs4662331,T,C,-0.0830788896819434
rs4680445,T,G,0.267282093547572
rs4682718,G,G,0.0380295464915805
rs4719391,C,C,0.0616032029527425
rs4719415,A,G,0.0105934788423039
rs4719416,G,A,0.122669103389335
rs4719443,G,G,-0.0777297937214268
rs4719468,C,C,-0.119936006356428
rs4721134,A,A,-0.0635167757859484
rs4721135,G,G,0.160624223621392
rs4721175,T,C,0.0153548982855006
rs4721295,G,G,0.163941633643138
rs4721441,C,C,-0.0470014322194443
rs4726889,A,A,0.0278569158425199
rs4746693,C,C,-0.141060563029383
rs4746716,C,C,0.0279154848024979
rs4761067,G,G,0.139858236514959
rs476137,T,T,0.00083190901074258
rs4788563,A,C,-0.0531605986792775
rs4788597,T,T,0.130679908832639
rs4788600,T,T,0.101581666362543
rs4799454,G,A,0.0903029747581494
rs4801117,C,A,0.129609737617364
rs484889,C,C,0.663436947963568
rs4882415,G,G,0.0449120386448283
rs4882495,A,A,-0.14742579045926
rs489591,T,C,-0.117961880763152
rs4899134,T,G,0.0418932019225071
rs4902280,G,A,-0.171357137801396
rs490810,G,G,0.0374236200815562
rs4908760,G,A,-0.110201236937013
rs4912717,G,A,0.138152520636446
rs4912718,C,T,0.0685451477380489
rs4916723,C,C,0.0387959569070958
rs4916888,A,C,-0.183148157229697
rs492073,A,G,0.0478682850219808
rs4946652,C,C,0.109407074360694
rs4949998,C,C,-0.0655949021956669
rs4962654,C,C,0.0269066164286658
rs497763,T,T,0.142082624699663
rs505066,A,A,-0.0789879052106127
rs512177,C,C,-0.164297327006529
rs524350,A,G,0.0183506654911527
rs536809,T,T,0.160054739013823
rs557148,C,C,-0.0673202118872484
rs55720104,T,C,0.0601862748657087
rs55765541,A,A,-0.0478621623325954
rs55795508,T,C,0.0711825042120499
rs55810445,C,T,-0.180389528385689
rs55818555,C,C,0.0118660905576608
rs55873762,G,A,-0.004108557155965
rs55875248,C,C,-0.141086832931933
rs55904957,C,C,-0.00810462526485703
rs55947207,A,A,-0.085253243148278
rs56035021,A,A,0.0279154087832652
rs56051015,G,G,0.0923652254791666
rs56069368,G,G,0.0468922951431141
rs56267605,C,C,0.242780129008727
rs56339318,A,C,-0.0472804579747447
rs56347011,T,T,-0.116413949010732
rs56360035,T,T,-0.221686140116764
rs56370096,C,A,-0.197829290906803
rs57021669,G,G,-0.101684575816079
rs57087457,G,A,0.151475882123857
rs5744455,G,A,0.00856773907979235
rs57525201,T,T,-0.0949147101596279
rs57643236,T,T,0.0589009625285658
rs58590331,G,A,-0.129715762196526
rs587490,T,T,-0.0263491872678336
rs588282,T,T,-0.040481512060544
rs592859,C,G,0.0351988052956241
rs59472119,T,C,0.252096748025525
rs59479,A,C,0.0510409556542498
rs59502510,T,T,0.0566290724861532
rs59527167,C,C,0.135488036410603
rs59577187,T,T,0.0716780009010635
rs59602208,T,T,-0.282773452885803
rs59867199,T,T,-0.149853358518976
rs599402,C,C,0.0488208207418573
rs60171845,C,C,0.228958102301414
rs608972,T,C,-0.0574548623288424
rs61104616,A,A,-0.0203406487491321
rs615413,G,T,0.329832407800042
rs61879810,A,G,0.0617526670956572
rs61985668,C,C,0.0471317236280661
rs61985706,A,A,0.138435290636541
rs62092388,A,A,-0.021392521615531
rs62098017,C,C,-0.10609460143153
rs62251289,G,A,-0.116190254319578
rs62286631,T,T,0.0638817940532123
rs62323898,G,G,0.0598168803948474
rs62423594,G,A,-0.100154512249754
rs62435127,A,G,-0.0236308441551046
rs62444919,C,T,-0.272843737959442
rs62473069,A,A,-0.229932061024553
rs62484288,T,T,-0.00370064359310824
rs62485366,A,A,-0.0553116247023511
rs62485368,A,A,-0.0594306335882876
rs62485370,A,A,0.00253773889664963
rs62485377,A,A,-0.28450792524084
rs62485839,C,G,-0.117120005756335
rs62486600,C,C,0.132239660449017
rs6441188,A,A,-0.0628836728784885
rs6441844,C,T,-0.118709334479968
rs6441850,A,A,-0.00340067360982062
rs6441851,A,A,-0.0604437185421357
rs6441852,G,G,-0.103660604785387
rs6441853,G,G,-0.00617772802517808
rs6441855,G,G,0.0532803994326607
rs6441856,G,G,0.0345281804648061
rs6441857,C,C,-0.0595672002505883
rs6441858,C,C,0.05165179464021
rs6441859,A,A,-0.505584272006954
rs6452769,G,A,0.158410278547257
rs6452770,G,C,-0.072982358660279
rs6452785,C,T,0.0541066590088715
rs6452791,A,C,0.00524153636309491
rs646130,C,T,0.0879059346108076
rs6464284,C,C,0.170659769057789
rs6480282,C,C,-0.166913940616531
rs6483346,G,C,0.195539316027974
rs6500767,G,A,-0.0850618924962352
rs6508183,C,T,-0.151777166137718
rs6508231,T,T,0.17008467238977
rs6571201,T,C,-0.177528023306122
rs6577489,A,C,-0.180751924271696
rs657830,G,C,-0.00301948004316099
rs659349,C,C,0.0173146826849685
rs6662,G,T,0.0951866981471005
rs6668913,C,C,-0.0883221881181031
rs66921917,G,G,-0.0575108561884719
rs66922431,C,T,-0.0974568511054183
rs6694282,A,A,0.0900563203997327
rs67286798,A,A,-0.047973357324283
rs67301795,A,A,-0.0548925891263971
rs67446837,A,A,-0.203389748531594
rs67571403,C,C,-0.245801694121016
rs676096,T,T,0.09972593740683
rs6768789,A,A,-0.0931785717295661
rs6769609,C,T,0.222905610594958
rs6770005,C,C,0.203326854866753
rs6770442,C,T,0.0196343346147062
rs6770567,G,G,0.0424797621684103
rs6771160,C,G,-0.0382397148163341
rs6773415,T,T,0.160678575922494
rs6773505,G,A,-0.0224141631030271
rs677679,T,T,-0.0772424899265265
rs6777333,C,C,0.207461567579541
rs6779941,C,C,0.100905790764127
rs6783175,T,C,0.0469829045140965
rs6785876,A,A,-0.00310673652869046
rs6788907,A,A,0.0556977178759867
rs6789231,G,G,0.0962409199378509
rs6791276,G,G,0.0879093535965006
rs679232,A,A,-0.223818609617976
rs6794461,A,G,-0.195976384942742
rs6795710,T,T,-0.0706625425636352
rs6797626,A,G,-0.0626837887123895
rs6798355,A,A,0.0408963669022544
rs6798590,T,A,-0.170216648686717
rs6801887,C,C,0.10678073918368
rs6808641,C,C,0.169397575857052
rs6809116,A,C,-0.0630021009785685
rs6809619,A,A,-0.181684499884801
rs6893225,A,A,0.0690681323613504
rs6900292,C,C,-0.0115976906131889
rs6917917,A,T,0.0702591889903746
rs6929352,T,C,-0.150516501592594
rs693815,G,T,-0.0714836998961834
rs694617,T,G,-0.109351054812675
rs6951493,A,A,0.127008549700001
rs6952808,C,C,0.105769388794214
rs6953693,G,G,-0.0522087166223467
rs6960603,A,A,-0.218537886977578
rs6967286,A,A,0.00150729214835147
rs6977733,A,A,0.377546433635575
rs7074734,T,T,-0.0143688315418817
rs7077436,A,A,-0.0241207657218293
rs7080662,C,C,-0.00262582792392424
rs7086626,T,T,0.134715563884438
rs7089724,G,G,-0.0181600271837049
rs7093628,A,A,-0.0101208702480844
rs7096745,A,A,0.22797561075646
rs7102518,A,G,-0.0330296711326303
rs7110167,T,C,-0.102635864936722
rs7120587,C,T,0.209969767850205
rs71386939,C,T,0.0973879315008259
rs7149535,G,A,0.0386701194569942
rs7151163,T,G,-0.0256581102188096
rs71525363,A,A,0.0500832524173047
rs7153965,T,C,-0.277497380770261
rs7194397,C,T,0.0109576565420564
rs7195988,C,T,-0.00500816807906728
rs7201643,A,A,0.220347898902147
rs7231363,A,A,-0.104481196726206
rs7238466,A,G,0.107220520375415
rs7243467,T,C,-0.0648149560084769
rs7244124,C,C,-0.112411710627568
rs72635792,G,G,0.153145213901558
rs72798896,C,T,-0.0628293311820497
rs72860788,C,C,0.145433129566101
rs72963868,T,A,-0.0190543487993725
rs7299774,G,G,-0.0237167216277751
rs73022742,C,C,0.0908151587360795
rs73038441,C,C,-0.186510222155715
rs73038442,T,T,-0.143944785312419
rs73039217,A,A,0.0281381623128075
rs7304209,C,C,-0.0478635289834158
rs73046323,G,A,0.126493471734467
rs73048919,A,A,-0.0251792772424019
rs7307149,G,A,0.106834314171828
rs73084558,A,A,-0.039290032099141
rs73090417,T,T,-0.169701377805192
rs73090419,C,C,-0.000658616912756198
rs73090425,T,T,-0.0504380836022866
rs73154307,A,A,0.0682613213833874
rs73154340,A,A,-0.225281734866716
rs73157727,G,G,0.142880090936896
rs73158329,A,A,0.180589289736615
rs73158334,T,T,-0.0283352425274168
rs73158361,G,A,-0.0463473174653561
rs73172122,G,C,0.104132901775423
rs73265640,G,G,0.204191862978211
rs73276994,C,T,-0.0369832995244977
rs733611,A,A,0.20954531702225
rs73492596,G,G,0.0694009439821701
rs737477,A,C,0.0796860380253634
rs7382827,A,A,0.0855391565712355
rs7429291,G,C,0.184060419979864
rs74429030,C,A,-0.0859133565229898
rs745565,C,C,0.226574115557224
rs745566,C,C,0.0075503028304956
rs7481006,C,G,0.406819506997146
rs74897395,T,C,-0.123847362501615
rs7504750,C,A,-0.00915596045840586
rs7506909,G,G,-0.0664657367501194
rs7513962,C,T,-0.145292864774339
rs75214722,C,T,-0.0179864939495558
rs75251748,T,G,-0.162167653823164
rs7525653,A,G,-0.146295708754924
rs75418071,T,G,-0.0706420412364553
rs7541994,A,A,-0.0834722697813689
rs7577593,T,T,0.168033331360822
rs7608024,T,A,0.21809280065236
rs7612349,A,C,0.173683049996719
rs7617304,A,A,0.467164145711782
rs7625504,T,T,-0.198631476302004
rs7625596,G,G,0.147097798430969
rs76277761,T,A,0.192172760748167
rs7627777,G,A,0.0813414211041565
rs7630176,C,T,-0.011414017670944
rs7638518,C,C,0.375341355251738
rs7638606,G,G,-0.276102032990868
rs7649834,C,T,-0.032664406522986
rs7650486,C,T,-0.0363769645238175
rs7653558,T,T,-0.545411462614
rs7671357,A,A,-0.163878594431162
rs7676523,G,A,-0.0796719918216105
rs76956000,T,C,0.192588417895874
rs7708715,C,A,-0.0538766914538722
rs7710380,C,C,0.298637872986437
rs7711117,T,T,0.0044007936061953
rs77241189,C,T,0.0169344036418717
rs77284113,C,G,0.0931379462564172
rs77468007,C,C,0.129614607379075
rs7748422,A,A,-0.0422507167720959
rs7751101,A,G,-0.155928820568978
rs7753202,T,C,-0.0125334919650437
rs7759932,C,C,0.115609770249944
rs7759938,T,T,0.209007098792299
rs7773432,T,T,-0.0489382749419947
rs7778752,T,C,-0.0246246720447624
rs77797709,G,T,0.175423614187843
rs778593,T,C,-0.0836133798885549
rs778594,T,C,-0.096559285796228
rs7787274,A,A,-0.0333917383728302
rs7788921,C,A,0.0774552743471742
rs7799006,T,T,-0.0255046854646065
rs7810757,C,C,0.0867664970513557
rs7810970,G,G,0.0557557683011725
rs78323718,C,C,0.0208280933305078
rs78595291,T,T,-0.0357195335944451
rs78625763,T,C,-0.0284515910905854
rs78756744,G,G,-0.0290982287930533
rs7907573,C,T,0.0334791365868668
rs79153385,G,A,0.0570556421255352
rs7927312,C,T,0.0404382322655274
rs7927463,C,T,0.127298333072781
rs7936522,G,G,-0.0298721655268438
rs7946385,C,A,0.142937334688915
rs7955284,T,C,0.196000303498384
rs7959122,T,C,-0.151714263204388
rs79678646,T,C,-0.0915220208958884
rs797419,C,A,0.142233145941814
rs7978008,T,T,-0.296309116581011
rs79840416,T,C,0.382120440911965
rs798679,C,T,0.103132174914037
rs798690,T,C,-0.0625752774296136
rs79959500,T,T,-0.165797203439815
rs8010584,A,G,-0.130733524202965
rs801094,G,A,0.0431311653866769
rs801125,T,A,-0.051658463010127
rs801184,A,G,0.26461427120786
rs8016024,T,C,0.216851038824951
rs8062946,A,G,-0.013990145282617
rs8063403,C,T,0.163038139477757
rs8083099,G,A,0.164616907215943
rs8095327,T,C,0.372508426773955
rs8097335,T,T,-0.0134252710151485
rs8099160,A,A,0.0291478683078499
rs827187,T,T,-0.108906643350054
rs827188,T,T,-0.107660497073189
rs9284880,C,T,-0.219628925971394
rs9311361,T,G,-0.113789977544578
rs9322812,A,G,-0.0648550795304204
rs9322814,A,G,0.111663761178581
rs9322815,A,G,0.0107808180090724
rs9323451,A,A,0.13396519505953
rs9323452,C,C,-0.0410851148198461
rs932658,A,C,-0.0521883732800888
rs9391227,T,A,0.0607672242430634
rs9391253,A,T,-0.203182315920651
rs9391254,C,T,-0.0387230974188745
rs9399896,A,G,-0.0726631448504158
rs9399898,A,A,0.287838096494678
rs9404590,T,G,0.0965974137294502
rs9499926,T,T,0.132607705065849
rs9641684,G,A,-0.245870804295158
rs9669137,G,G,-0.312116355893981
rs972900,C,C,-0.0771454104056359
rs9765406,G,G,0.120391581667875
rs9807185,T,T,-0.0735120768951239
rs9810216,T,T,0.10000199276925
rs9812457,G,T,0.204769717075407
rs9812643,A,G,-0.0263306983310629
rs9812663,A,G,-0.0275101964195343
rs9819631,C,G,0.00300543937518273
rs9819766,G,C,-0.11209691462604
rs9835270,G,A,-0.0677971747000175
rs9844619,G,G,-0.00670477224172537
rs9847162,T,T,-0.0333617880610058
rs9847482,T,T,-0.0633863942631951
rs9850129,C,T,-0.334706075189318
rs9852733,C,T,-0.0485883195239162
rs9853203,T,T,-0.0766410300318781
rs9867336,T,T,0.0226352963446776
rs9868821,T,T,-0.0677576714996517
rs9873072,G,A,-0.0873947285935287
rs9919636,G,A,0.0377344923471527
rs992623,G,A,-0.16254661673463
rs9932922,T,C,-0.166275562146436
rs9933185,T,T,-0.00675950566584538
rs9937936,A,T,-0.212634299940098
rs9939777,A,A,0.0343410806645241
rs9953886,G,A,0.201024570391128
rs9957129,T,T,-0.0477633113808074
rs9966074,T,T,0.131818062784377
