hg38pos,rsid,Howard18_risk,alt.allele,beta,chr,hg19bp,hg19pos
chr4:122622919-122622919,rs10032644,T,A,-0.0637488282459518,4,123544074,chr4:123544074-123544074
chr5:88089847-88089847,rs10037952,A,G,0.231596566346467,5,87385664,chr5:87385664-87385664
chr3:44551487-44551487,rs1004631,T,G,0.0492728267674163,3,44592979,chr3:44592979-44592979
chr12:89356751-89356751,rs10047634,T,T,-0.129820033368948,12,89750528,chr12:89750528-89750528
chr5:140776733-140776733,rs10066278,G,G,-0.00327755765521353,5,140156318,chr5:140156318-140156318
chr3:44552031-44552031,rs1010031,T,T,-0.178648300857035,3,44593523,chr3:44593523-44593523
chr14:64477555-64477555,rs10131416,G,G,-0.0235454085421731,14,64944273,chr14:64944273-64944273
chr14:64481771-64481771,rs10133848,A,A,-0.245535556865249,14,64948489,chr14:64948489-64948489
chr14:67308151-67308151,rs10135727,T,C,0.245997454557035,14,67774868,chr14:67774868-67774868
chr14:67394019-67394019,rs10139953,A,T,-0.0826493762606656,14,67860736,chr14:67860736-67860736
chr14:64556497-64556497,rs10142536,T,T,0.0755891316545305,14,65023215,chr14:65023215-65023215
chr14:67241838-67241838,rs10144218,G,A,-0.082374151352485,14,67708555,chr14:67708555-67708555
chr14:64482222-64482222,rs10145001,G,G,0.0462718584446587,14,64948940,chr14:64948940-64948940
chr14:64482235-64482235,rs10145005,G,G,-0.0940631475546707,14,64948953,chr14:64948953-64948953
chr14:67308154-67308154,rs10146389,A,C,0.0986398477340086,14,67774871,chr14:67774871-67774871
chr14:64489141-64489141,rs10150781,A,A,0.0956226385123937,14,64955859,chr14:64955859-64955859
chr14:33709098-33709098,rs1015322,A,A,0.304789471877475,14,34178304,chr14:34178304-34178304
chr18:37778343-37778343,rs10163636,C,C,0.17204678356336,18,35358307,chr18:35358307-35358307
chr18:37778346-37778346,rs10163638,C,C,0.157943518139839,18,35358310,chr18:35358310-35358310
chr3:44625794-44625794,rs10212378,C,G,0.0786615151659233,3,44667286,chr3:44667286-44667286
chr7:122328493-122328493,rs10216012,A,A,0.0875455777773884,7,121968547,chr7:121968547-121968547
chr7:1846697-1846697,rs10234557,A,G,-0.0536234458194663,7,1886333,chr7:1886333-1886333
chr18:55049806-55049806,rs10439021,A,A,-0.246593463904697,18,52717037,chr18:52717037-52717037
chr7:2261849-2261849,rs10447540,G,G,0.0554257667124924,7,2301484,chr7:2301484-2301484
chr7:2261943-2261943,rs10447541,G,G,0.0352660185936273,7,2301578,chr7:2301578-2301578
chr5:140556654-140556654,rs10463297,C,C,0.144316805469115,5,139936239,chr5:139936239-139936239
chr3:158067069-158067069,rs10470470,G,G,-0.0517696412138912,3,157784858,chr3:157784858-157784858
chr3:158097672-158097672,rs1048243,G,G,0.00482191976799072,3,157815461,chr3:157815461-157815461
chr16:72092615-72092615,rs10492814,A,A,0.044773265065142,16,72126514,chr16:72126514-72126514
chr5:87885916-87885916,rs10514294,T,C,-0.00791673631912411,5,87181733,chr5:87181733-87181733
chr1:8344033-8344033,rs1055236,C,T,-0.0454466985330148,1,8404093,chr1:8404093-8404093
chr10:124597047-124597047,rs10736887,C,T,0.0617618864852274,10,126285616,chr10:126285616-126285616
chr12:84569721-84569721,rs10746326,C,T,0.183690685834783,12,84963500,chr12:84963500-84963500
chr10:67788537-67788537,rs10762179,T,A,0.0663628348680208,10,69548295,chr10:69548295-69548295
chr10:67850122-67850122,rs10762181,G,G,0.199499175765314,10,69609880,chr10:69609880-69609880
chr12:84379208-84379208,rs10779093,G,G,-0.219432653951534,12,84772987,chr12:84772987-84772987
chr12:84595805-84595805,rs10779111,A,G,0.0145035616635989,12,84989584,chr12:84989584-84989584
chr1:8363450-8363450,rs10779702,G,G,-0.57687714222842,1,8423510,chr1:8423510-8423510
chr14:67240905-67240905,rs1078193,A,T,-0.0640027208975744,14,67707622,chr14:67707622-67707622
chr14:67241079-67241079,rs1078194,T,C,-0.0689616230584292,14,67707796,chr14:67707796-67707796
chr3:44543177-44543177,rs1078816,T,T,-0.237258617355702,3,44584669,chr3:44584669-44584669
chr3:44543326-44543326,rs1078817,A,A,-0.0884071191138199,3,44584818,chr3:44584818-44584818
chr1:72372723-72372723,rs10789336,A,A,0.259094841098445,1,72838406,chr1:72838406-72838406
chr10:67720744-67720744,rs10823079,A,A,0.0106297882207419,10,69480502,chr10:69480502-69480502
chr10:67900736-67900736,rs10823108,G,A,0.298852396775474,10,69660494,chr10:69660494-69660494
chr10:68093113-68093113,rs10823133,A,G,-0.191100978194376,10,69852870,chr10:69852870-69852870
chr10:68093466-68093466,rs10823134,C,C,-0.0989795100049048,10,69853223,chr10:69853223-69853223
chr11:94313352-94313352,rs10831196,G,T,-0.00763903493544032,11,94046518,chr11:94046518-94046518
chr11:94543043-94543043,rs10831239,T,G,-0.00448928052733429,11,94276209,chr11:94276209-94276209
chr11:94586722-94586722,rs10831245,G,A,-0.299554704820965,11,94319888,chr11:94319888-94319888
chr16:71847434-71847434,rs10852505,A,T,-0.157787773207772,16,71881337,chr16:71881337-71881337
chr12:84554309-84554309,rs10862890,A,G,0.213602902616953,12,84948088,chr12:84948088-84948088
chr14:64500623-64500623,rs10873173,T,T,0.183570948948805,14,64967341,chr14:64967341-64967341
chr7:141026279-141026279,rs1089266,T,G,-0.210698981493718,7,140726079,chr7:140726079-140726079
chr10:124590335-124590335,rs10901776,G,C,-0.135997025427436,10,126278904,chr10:126278904-126278904
chr7:1842834-1842834,rs10950400,T,T,-0.107733671181844,7,1882470,chr7:1882470-1882470
chr7:1856030-1856030,rs10950407,G,G,0.0729115244783947,7,1895666,chr7:1895666-1895666
chr7:1869517-1869517,rs10950411,A,G,0.11215771397855,7,1909153,chr7:1909153-1909153
chr7:1887003-1887003,rs10950423,A,G,-0.116796167847584,7,1926639,chr7:1926639-1926639
chr7:140553475-140553475,rs10952734,C,T,0.0985978238999639,7,140253275,chr7:140253275-140253275
chr10:67521827-67521827,rs10997691,C,C,0.0708961150249961,10,69281585,chr10:69281585-69281585
chr10:67731880-67731880,rs10997789,G,G,0.0260226882372346,10,69491638,chr10:69491638-69491638
chr10:67795668-67795668,rs10997810,A,A,-0.213501711879977,10,69555426,chr10:69555426-69555426
chr10:67799651-67799651,rs10997813,A,A,0.0866924294918436,10,69559409,chr10:69559409-69559409
chr10:67859138-67859138,rs10997839,G,G,-0.104469683988489,10,69618896,chr10:69618896-69618896
chr11:94533951-94533951,rs11020812,T,C,-0.0364137933947924,11,94267117,chr11:94267117-94267117
chr1:8312268-8312268,rs1107286,A,A,0.0697382684217014,1,8372328,chr1:8372328-8372328
chr16:71884772-71884772,rs11075906,T,C,-0.0165992713147864,16,71918675,chr16:71918675-71918675
chr16:71894947-71894947,rs11075908,T,C,0.110503553760458,16,71928850,chr16:71928850-71928850
chr16:72073007-72073007,rs11075919,T,C,-0.0787198088435191,16,72106906,chr16:72106906-72106906
chr16:72180714-72180714,rs11075924,A,A,-0.195813355404431,16,72214613,chr16:72214613-72214613
chr12:89355732-89355732,rs11105263,G,G,0.112316387715399,12,89749509,chr12:89749509-89749509
chr12:89355768-89355768,rs11105264,G,G,-0.0320081808777233,12,89749545,chr12:89749545-89749545
chr12:89432335-89432335,rs11105286,G,G,-0.191263875244481,12,89826112,chr12:89826112-89826112
chr2:156127117-156127117,rs1112058,C,C,0.0256835988897839,2,156983629,chr2:156983629-156983629
chr1:8311126-8311126,rs11121159,C,C,0.00791227081667029,1,8371186,chr1:8371186-8371186
chr1:8319249-8319249,rs11121161,T,C,-0.0229603802113107,1,8379309,chr1:8379309-8379309
chr1:8319388-8319388,rs11121162,G,A,0.0927349667623413,1,8379448,chr1:8379448-8379448
chr3:44338716-44338716,rs11130025,A,A,-0.0408686242617739,3,44380208,chr3:44380208-44380208
chr3:44546552-44546552,rs11130029,A,A,-0.115060725870651,3,44588044,chr3:44588044-44588044
chr6:104931801-104931801,rs111307712,T,C,0.156042384682607,6,105379676,chr6:105379676-105379676
chr18:55182330-55182330,rs11152272,C,C,0.174880013869503,18,52849561,chr18:52849561-52849561
chr6:104936617-104936617,rs11156431,T,T,-0.0951689299354742,6,105384492,chr6:105384492-105384492
chr18:37646156-37646156,rs111612748,A,T,0.07149740770057,18,35226119,chr18:35226119-35226119
chr1:96473810-96473810,rs11165652,T,T,0.0109672399238177,1,96939366,chr1:96939366-96939366
chr1:96569640-96569640,rs11165674,A,A,0.0467447602310139,1,97035196,chr1:97035196-97035196
chr1:72284817-72284817,rs11209943,G,G,-0.099280913377053,1,72750500,chr1:72750500-72750500
chr1:72371807-72371807,rs11209951,T,T,0.064074393740773,1,72837490,chr1:72837490-72837490
chr1:72371817-72371817,rs11209952,T,T,-0.0162264724736689,1,72837500,chr1:72837500-72837500
chr10:124542464-124542464,rs11245274,C,C,-0.0569790051972215,10,126231033,chr10:126231033-126231033
chr4:122154852-122154852,rs112481526,G,G,0.00194564240214845,4,123076007,chr4:123076007-123076007
chr5:88674534-88674534,rs112862634,G,C,-0.0858900823578615,5,87970352,chr5:87970352-87970352
chr5:88190482-88190482,rs112914232,C,C,0.0950096265249877,5,87486299,chr5:87486299-87486299
chr3:44591760-44591760,rs112950226,C,A,-0.0803457743414014,3,44633252,chr3:44633252-44633252
chr14:66944985-66944985,rs112961123,A,G,0.346148570142952,14,67411702,chr14:67411702-67411702
chr11:94313969-94313969,rs113228343,G,A,-0.177553854236064,11,94047135,chr11:94047135-94047135
chr3:158658367-158658367,rs113467629,C,C,0.021662721307913,3,158376156,chr3:158376156-158376156
chr11:94342606-94342606,rs113776330,C,A,0.131785568345746,11,94075772,chr11:94075772-94075772
chr14:64214475-64214475,rs1152590,T,T,-0.0434060382773108,14,64681193,chr14:64681193-64681193
chr14:64209380-64209380,rs1152592,G,G,-0.0741921973078669,14,64676098,chr14:64676098-64676098
chr14:64209177-64209177,rs1152593,T,T,-0.113889863547516,14,64675895,chr14:64675895-64675895
chr14:64208326-64208326,rs1152594,G,G,0.161172995612505,14,64675044,chr14:64675044-64675044
chr14:64208263-64208263,rs1152595,C,C,0.0724349488266709,14,64674981,chr14:64674981-64674981
chr3:44338768-44338768,rs11540403,C,C,0.12959944367941,3,44380260,chr3:44380260-44380260
chr1:72378874-72378874,rs115714540,A,A,-0.00786370046867154,1,72844557,chr1:72844557-72844557
chr14:64500777-64500777,rs11628221,G,G,0.0791523452923843,14,64967495,chr14:64967495-64967495
chr16:71847127-71847127,rs11640135,A,G,-0.0107094668360305,16,71881030,chr16:71881030-71881030
chr16:72180377-72180377,rs11643192,A,A,-0.121834045419554,16,72214276,chr16:72214276-72214276
chr16:72074788-72074788,rs11646364,T,T,-0.112402695890676,16,72108687,chr16:72108687-72108687
chr14:67199725-67199725,rs116994663,A,G,0.00613088480083763,14,67666442,chr14:67666442-67666442
chr3:44545004-44545004,rs11707173,A,A,-0.0384395153388018,3,44586496,chr3:44586496-44586496
chr3:44579449-44579449,rs11707572,T,T,0.0169488986401825,3,44620941,chr3:44620941-44620941
chr3:44184527-44184527,rs11716461,G,G,0.163093489385695,3,44226019,chr3:44226019-44226019
chr3:44544876-44544876,rs11717830,T,T,-0.20394425815096,3,44586368,chr3:44586368-44586368
chr5:140882907-140882907,rs11744560,T,T,-0.14527163747722,5,140262492,chr5:140262492-140262492
chr6:104940843-104940843,rs11754600,T,T,0.130713445709535,6,105388718,chr6:105388718-105388718
chr7:140914412-140914412,rs11762469,A,T,-0.061542792483987,7,140614212,chr7:140614212-140614212
chr7:1845194-1845194,rs11764040,G,C,0.222280465140139,7,1884830,chr7:1884830-1884830
chr7:141054985-141054985,rs11764061,T,T,0.0504921984077359,7,140754785,chr7:140754785-140754785
chr7:1966112-1966112,rs11766575,C,C,0.2514338995927,7,2005747,chr7:2005747-2005747
chr7:1939789-1939789,rs11770899,C,T,-0.0484415325586583,7,1979425,chr7:1979425-1979425
chr7:2071549-2071549,rs11771283,C,C,-0.0941821126195568,7,2111184,chr7:2111184-2111184
chr7:2010766-2010766,rs11771625,T,T,-0.181610781093913,7,2050401,chr7:2050401-2050401
chr7:2070186-2070186,rs11772627,G,C,-0.127036631997372,7,2109821,chr7:2109821-2109821
chr14:67163060-67163060,rs117803128,C,A,0.183896546116804,14,67629777,chr14:67629777-67629777
chr10:124605150-124605150,rs11812870,C,G,0.0460460684940698,10,126293719,chr10:126293719-126293719
chr10:124611674-124611674,rs11819478,G,A,0.0192728967101144,10,126300243,chr10:126300243-126300243
chr14:64483403-64483403,rs11845653,C,C,0.163406923899754,14,64950121,chr14:64950121-64950121
chr14:64510335-64510335,rs11848179,G,G,-0.0149049624021218,14,64977053,chr14:64977053-64977053
chr14:64483363-64483363,rs11849935,C,C,-0.0137867865126615,14,64950081,chr14:64950081-64950081
chr14:64493913-64493913,rs11851236,G,G,0.104292579717771,14,64960631,chr14:64960631-64960631
chr16:71816729-71816729,rs11861296,T,C,-0.0287730233988833,16,71850632,chr16:71850632-71850632
chr18:37759821-37759821,rs1187213,G,G,-0.156931621249453,18,35339785,chr18:35339785-35339785
chr18:37778532-37778532,rs1187224,T,T,-0.21029070994893,18,35358496,chr18:35358496-35358496
chr18:37766758-37766758,rs1187233,C,C,-0.0120650625484213,18,35346722,chr18:35346722-35346722
chr18:37742675-37742675,rs1187244,C,C,-0.00428795038442488,18,35322638,chr18:35322638-35322638
chr18:53349551-53349551,rs11876936,A,A,-0.0464475475381043,18,50875921,chr18:50875921-50875921
chr5:88144680-88144680,rs11948659,G,A,0.0461299438113919,5,87440497,chr5:87440497-87440497
chr5:88097536-88097536,rs11950674,T,G,0.090303126140975,5,87393353,chr5:87393353-87393353
chr5:140821835-140821835,rs11958868,C,C,0.162837358684825,5,140201420,chr5:140201420-140201420
chr7:2200459-2200459,rs11976342,T,T,-0.0641267522410014,7,2240094,chr7:2240094-2240094
chr1:96579970-96579970,rs12032943,T,T,-0.276415832617674,1,97045526,chr1:97045526-97045526
chr1:72178433-72178433,rs12036585,T,T,-0.0169164995276533,1,72644116,chr1:72644116-72644116
chr1:96577424-96577424,rs12040479,G,G,-0.31114874304807,1,97042980,chr1:97042980-97042980
chr1:8464817-8464817,rs12080583,G,A,-0.0218234852826904,1,8524877,chr1:8524877-8524877
chr14:64383717-64383717,rs12100642,A,G,0.0203890321642543,14,64850435,chr14:64850435-64850435
chr16:71895860-71895860,rs12102548,C,G,0.250454721031333,16,71929763,chr16:71929763-71929763
chr3:44501538-44501538,rs12108134,C,T,0.0256687290156109,3,44543030,chr3:44543030-44543030
chr3:158272190-158272190,rs1213048,C,C,-0.232139005339515,3,157989979,chr3:157989979-157989979
chr1:72064183-72064183,rs12131816,C,C,0.0566636902054605,1,72529866,chr1:72529866-72529866
chr16:71934188-71934188,rs12149307,A,C,-0.0587135485302318,16,71968091,chr16:71968091-71968091
chr16:71934244-71934244,rs12149325,G,C,-0.140412691538212,16,71968147,chr16:71968147-71968147
chr18:55182093-55182093,rs12150703,T,T,0.0190380830993812,18,52849324,chr18:52849324-52849324
chr3:44474321-44474321,rs12186073,C,T,0.0166641623950406,3,44515813,chr3:44515813-44515813
chr5:140719011-140719011,rs12188417,T,G,-0.217086957709421,5,140098596,chr5:140098596-140098596
chr6:104907456-104907456,rs12193005,A,A,0.104439319889544,6,105355331,chr6:105355331-105355331
chr6:104956323-104956323,rs12194974,A,A,-0.162489386803073,6,105404198,chr6:105404198-105404198
chr6:99143291-99143291,rs12205232,C,A,0.0327957261981813,6,99591167,chr6:99591167-99591167
chr10:67804247-67804247,rs12220640,C,A,-0.0735881200990937,10,69564005,chr10:69564005-69564005
chr10:67880407-67880407,rs12246428,A,A,0.112325972607869,10,69640165,chr10:69640165-69640165
chr10:124565827-124565827,rs12257551,A,A,-0.19187876359871,10,126254396,chr10:126254396-126254396
chr12:89354056-89354056,rs12300350,T,T,-0.0395364510642592,12,89747833,chr12:89747833-89747833
chr12:84307166-84307166,rs12310246,A,A,-0.00766465568609682,12,84700945,chr12:84700945-84700945
chr12:84390434-84390434,rs12311476,G,G,0.0351948882607563,12,84784213,chr12:84784213-84784213
chr12:84557470-84557470,rs12313025,T,G,0.0978495046313533,12,84951249,chr12:84951249-84951249
chr14:64332667-64332667,rs12323665,G,C,-0.146791959287297,14,64799385,chr14:64799385-64799385
chr18:52907709-52907709,rs12373205,G,G,0.0255773641203289,18,50434079,chr18:50434079-50434079
chr10:124548012-124548012,rs12413892,C,C,-0.28465955741072,10,126236581,chr10:126236581-126236581
chr16:71933880-71933880,rs12445641,C,T,-0.11122606056982,16,71967783,chr16:71967783-71967783
chr16:71961523-71961523,rs12445713,G,A,0.0475380984438296,16,71995422,chr16:71995422-71995422
chr18:54832780-54832780,rs12454204,G,T,0.120478620401035,18,52500011,chr18:52500011-52500011
chr18:54829973-54829973,rs12454336,A,G,-0.00398195020738079,18,52497204,chr18:52497204-52497204
chr18:54831929-54831929,rs12456002,C,T,-0.0167979827814673,18,52499160,chr18:52499160-52499160
chr18:54832217-54832217,rs12456067,C,T,-0.160253201121986,18,52499448,chr18:52499448-52499448
chr18:54833061-54833061,rs12456731,C,T,0.217672012378709,18,52500292,chr18:52500292-52500292
chr18:54832395-54832395,rs12457718,T,C,0.241850927283184,18,52499626,chr18:52499626-52499626
chr18:54832570-54832570,rs12457769,T,G,-0.229328937662809,18,52499801,chr18:52499801-52499801
chr3:158552211-158552211,rs12486595,G,G,0.0156900476451494,3,158270000,chr3:158270000-158270000
chr3:158797764-158797764,rs12491877,A,C,-0.22602799661717,3,158515553,chr3:158515553-158515553
chr3:158809659-158809659,rs12497958,A,C,0.0152768348220865,3,158527448,chr3:158527448-158527448
chr6:104941229-104941229,rs12528131,G,G,-0.0414465530999473,6,105389104,chr6:105389104-105389104
chr7:2250253-2250253,rs12531150,T,T,0.119498508418624,7,2289888,chr7:2289888-2289888
chr7:2254488-2254488,rs12534131,T,T,-0.0474029553633292,7,2294123,chr7:2294123-2294123
chr7:2260265-2260265,rs12537790,A,A,0.0631312942982884,7,2299900,chr7:2299900-2299900
chr14:64344576-64344576,rs1256113,C,C,-0.100894519818472,14,64811294,chr14:64811294-64811294
chr1:96513070-96513070,rs12566597,A,A,0.0172375895887808,1,96978626,chr1:96978626-96978626
chr11:94586652-94586652,rs12574292,C,A,0.132759066612064,11,94319818,chr11:94319818-94319818
chr18:55397192-55397192,rs12605773,G,G,0.177704166853781,18,53064423,chr18:53064423-53064423
chr18:55182120-55182120,rs1262464,C,C,0.181378921855121,18,52849351,chr18:52849351-52849351
chr7:1964786-1964786,rs12666575,T,T,-0.186543187156687,7,2004421,chr7:2004421-2004421
chr7:1900129-1900129,rs12669937,T,T,-0.0381646667405257,7,1939765,chr7:1939765-1939765
chr7:2007195-2007195,rs12670737,T,T,0.0636633804850303,7,2046830,chr7:2046830-2046830
chr7:2246852-2246852,rs12673108,A,A,0.0463758765634082,7,2286487,chr7:2286487-2286487
chr7:140697992-140697992,rs1267673,T,C,-0.208634125617784,7,140397792,chr7:140397792-140397792
chr7:1854386-1854386,rs12699404,T,T,-0.168128199689693,7,1894022,chr7:1894022-1894022
chr7:1928609-1928609,rs12699476,C,C,0.0676098739357113,7,1968245,chr7:1968245-1968245
chr7:1929317-1929317,rs12699477,C,C,0.146351777382593,7,1968953,chr7:1968953-1968953
chr11:94482140-94482140,rs1270146,T,C,0.0858047921180009,11,94215306,chr11:94215306-94215306
chr7:140538248-140538248,rs12703989,G,A,0.170586220717679,7,140238048,chr7:140238048-140238048
chr14:64270753-64270753,rs1271573,G,G,-0.0742217600992797,14,64737471,chr14:64737471-64737471
chr5:140424292-140424292,rs12717986,T,T,0.167087138391796,5,139803877,chr5:139803877-139803877
chr1:66048798-66048798,rs12742079,T,C,0.0526350466051319,1,66514481,chr1:66514481-66514481
chr1:96456576-96456576,rs12747341,C,C,-0.0111202309165182,1,96922132,chr1:96922132-96922132
chr1:96532099-96532099,rs12751763,T,T,-0.148961064874325,1,96997655,chr1:96997655-96997655
chr10:124607521-124607521,rs12761008,C,T,0.0982866922151059,10,126296090,chr10:126296090-126296090
chr10:124604790-124604790,rs12765129,T,T,-0.198717916901829,10,126293359,chr10:126293359-126293359
chr10:124605715-124605715,rs12771808,T,T,-0.115868115957192,10,126294284,chr10:126294284-126294284
chr10:124516220-124516220,rs12773190,G,G,0.0246492607666477,10,126204789,chr10:126204789-126204789
chr10:124604086-124604086,rs12779301,C,C,-0.0331789548779507,10,126292655,chr10:126292655-126292655
chr10:124604169-124604169,rs12779515,C,C,0.130612804274293,10,126292738,chr10:126292738-126292738
chr11:94401347-94401347,rs12791316,G,C,0.0129238260735059,11,94134513,chr11:94134513-94134513
chr12:84390548-84390548,rs12816997,G,G,0.0251546527700824,12,84784327,chr12:84784327-84784327
chr12:84599560-84599560,rs12818959,A,A,-0.161135739441516,12,84993339,chr12:84993339-84993339
chr12:84446208-84446208,rs12826320,T,T,-0.0169105983609652,12,84839987,chr12:84839987-84839987
chr12:84364589-84364589,rs12831617,T,T,-0.0195143377190429,12,84758368,chr12:84758368-84758368
chr14:64401301-64401301,rs12880360,T,C,-0.018072742920176,14,64868019,chr14:64868019-64868019
chr14:64383239-64383239,rs12894546,T,C,-0.118562180956135,14,64849957,chr14:64849957-64849957
chr3:44534983-44534983,rs13058792,A,A,-0.149423750297248,3,44576475,chr3:44576475-44576475
chr3:44709318-44709318,rs13066574,T,T,-0.12806486903558,3,44750810,chr3:44750810-44750810
chr3:44535051-44535051,rs13081128,C,C,-0.0903729730182376,3,44576543,chr3:44576543-44576543
chr3:62488589-62488589,rs13083204,T,T,-0.0377150740623383,3,62474264,chr3:62474264-62474264
chr3:44338996-44338996,rs13086084,C,C,-0.143107621611344,3,44380488,chr3:44380488-44380488
chr3:44625114-44625114,rs13100959,C,C,-0.0101113077334536,3,44666606,chr3:44666606-44666606
chr3:44534949-44534949,rs13100967,T,T,0.0810862478101926,3,44576441,chr3:44576441-44576441
chr5:88141262-88141262,rs13168787,A,A,-0.0278345982512458,5,87437079,chr5:87437079-87437079
chr5:88159838-88159838,rs13170977,G,G,0.186449440357438,5,87455655,chr5:87455655-87455655
chr14:67277349-67277349,rs1318914,C,G,0.340670703071213,14,67744066,chr14:67744066-67744066
chr6:104924810-104924810,rs13197753,C,C,0.0793121048618233,6,105372685,chr6:105372685-105372685
chr6:104934262-104934262,rs13203645,C,C,-0.0391653195009531,6,105382137,chr6:105382137-105382137
chr6:105076614-105076614,rs13211658,T,T,-0.075480542877195,6,105524489,chr6:105524489-105524489
chr7:1944431-1944431,rs13225225,T,T,0.104533672600808,7,1984066,chr7:1984066-1984066
chr3:44593969-44593969,rs13319803,G,A,0.0791854331734261,3,44635461,chr3:44635461-44635461
chr16:71846683-71846683,rs13330178,C,G,-0.0600407030166974,16,71880586,chr16:71880586-71880586
chr11:94489524-94489524,rs13447595,A,G,-0.0276597318976104,11,94222690,chr11:94222690-94222690
chr3:44359763-44359763,rs13575,C,T,0.0811677077342753,3,44401255,chr3:44401255-44401255
chr18:53225055-53225055,rs1367638,C,C,-0.0780549666354622,18,50751425,chr18:50751425-50751425
chr5:165281990-165281990,rs1368418,T,T,-0.0448442514549016,5,164708996,chr5:164708996-164708996
chr5:165282156-165282156,rs1368419,A,A,0.0587112134009785,5,164709162,chr5:164709162-164709162
chr12:84508789-84508789,rs1380405,G,A,-0.00308978085449643,12,84902568,chr12:84902568-84902568
chr14:67183715-67183715,rs138730646,C,T,-0.11632838945533,14,67650432,chr14:67650432-67650432
chr4:122626913-122626913,rs1398553,A,G,-0.0892266768576442,4,123548068,chr4:123548068-123548068
chr4:122601414-122601414,rs1398554,G,A,-0.0700729035067652,4,123522569,chr4:123522569-123522569
chr3:44552538-44552538,rs1402751,C,A,0.138571379017704,3,44594030,chr3:44594030-44594030
chr14:67187887-67187887,rs142530641,A,G,-0.396828621448489,14,67654604,chr14:67654604-67654604
chr18:37766802-37766802,rs1427040,T,C,-0.131369225872803,18,35346766,chr18:35346766-35346766
chr5:88091474-88091474,rs1427921,A,G,-0.0164543026080276,5,87387291,chr5:87387291-87387291
chr5:87899556-87899556,rs1458198,T,T,-0.0827783081559007,5,87195373,chr5:87195373-87195373
chr12:84531905-84531905,rs1459599,T,C,-0.0448147209850171,12,84925684,chr12:84925684-84925684
chr12:84508854-84508854,rs1459606,A,C,0.0845158709589762,12,84902633,chr12:84902633-84902633
chr1:8315782-8315782,rs1466655,C,T,0.169074828343753,1,8375842,chr1:8375842-8375842
chr1:8317768-8317768,rs1467013,G,A,0.269783769349254,1,8377828,chr1:8377828-8377828
chr7:141014448-141014448,rs1476816,A,A,-0.0664199254552779,7,140714248,chr7:140714248-140714248
chr1:72118501-72118501,rs1486096,A,A,-0.0293453069097866,1,72584184,chr1:72584184-72584184
chr5:88667943-88667943,rs1501672,A,G,0.167957426779999,5,87963761,chr5:87963761-87963761
chr5:88667782-88667782,rs1501673,G,A,-0.0969360557433784,5,87963600,chr5:87963600-87963600
chr18:53363188-53363188,rs1504744,A,A,0.107695293523543,18,50889558,chr18:50889558-50889558
chr7:141015225-141015225,rs1533933,C,C,-0.0346441004832462,7,140715025,chr7:140715025-140715025
chr5:88685213-88685213,rs153685,T,T,-0.145926196351534,5,87981030,chr5:87981030-87981030
chr11:31816069-31816069,rs1540319,G,G,-0.268980755764271,11,31837617,chr11:31837617-31837617
chr5:140927699-140927699,rs155361,A,A,0.226411263436373,5,140307284,chr5:140307284-140307284
chr5:140966883-140966883,rs155364,A,A,-0.241665245348156,5,140346468,chr5:140346468-140346468
chr5:140967468-140967468,rs155807,T,T,0.0466535669763683,5,140347053,chr5:140347053-140347053
chr5:140967127-140967127,rs155808,C,C,0.244794522561512,5,140346712,chr5:140346712-140346712
chr5:140928161-140928161,rs155820,G,G,0.0373905067129019,5,140307746,chr5:140307746-140307746
chr3:44259344-44259344,rs1565207,T,T,0.228595163892603,3,44300836,chr3:44300836-44300836
chr1:8424168-8424168,rs159961,C,T,-0.0481523846660577,1,8484228,chr1:8484228-8484228
chr2:156121471-156121471,rs1607622,C,C,0.0514393263527118,2,156977983,chr2:156977983-156977983
chr18:55371253-55371253,rs1630422,T,T,0.174200632510848,18,53038484,chr18:53038484-53038484
chr3:158552510-158552510,rs1630524,C,C,0.211325860218144,3,158270299,chr3:158270299-158270299
chr7:140563309-140563309,rs1639945,C,C,0.290991661255828,7,140263109,chr7:140263109-140263109
chr7:140563374-140563374,rs1639948,A,A,0.00625846569215985,7,140263174,chr7:140263174-140263174
chr18:37756281-37756281,rs1648919,T,T,0.147841760627229,18,35336245,chr18:35336245-35336245
chr3:158563232-158563232,rs1656368,G,G,0.0969033968780399,3,158281021,chr3:158281021-158281021
chr3:158562296-158562296,rs1656369,A,A,0.0380089823949379,3,158280085,chr3:158280085-158280085
chr3:158555732-158555732,rs1656373,C,T,0.138752916529202,3,158273521,chr3:158273521-158273521
chr3:158566892-158566892,rs1656376,G,C,-0.0224175985843283,3,158284681,chr3:158284681-158284681
chr3:158567491-158567491,rs1656377,T,C,0.113013929869428,3,158285280,chr3:158285280-158285280
chr3:158568422-158568422,rs1656378,A,G,0.0724411175353256,3,158286211,chr3:158286211-158286211
chr3:158570984-158570984,rs1656379,A,G,0.0643001634240251,3,158288773,chr3:158288773-158288773
chr5:88814546-88814546,rs165944,T,T,0.120869604846932,5,88110363,chr5:88110363-88110363
chr3:158571033-158571033,rs16829118,A,A,-0.0419482674048033,3,158288822,chr3:158288822-158288822
chr3:158664831-158664831,rs16829273,G,G,-0.235316985273906,3,158382620,chr3:158382620-158382620
chr5:87887616-87887616,rs16902864,T,C,0.0322090381090986,5,87183433,chr5:87183433-87183433
chr5:87951175-87951175,rs16902899,G,G,0.0677493370622902,5,87246992,chr5:87246992-87246992
chr5:88397744-88397744,rs16903122,C,T,-0.327639607075579,5,87693561,chr5:87693561-87693561
chr5:88480416-88480416,rs16903177,A,A,-0.0726406942645731,5,87776233,chr5:87776233-87776233
chr5:88480913-88480913,rs16903178,G,A,-0.057851924644485,5,87776730,chr5:87776730-87776730
chr5:88654725-88654725,rs16903275,C,A,0.0801194490463845,5,87950543,chr5:87950543-87950543
chr1:96578605-96578605,rs17115490,T,T,-0.0573237685061946,1,97044161,chr1:97044161-97044161
chr5:140571273-140571273,rs17118938,C,G,-0.107035590888489,5,139950858,chr5:139950858-139950858
chr7:122328715-122328715,rs17144227,C,C,0.0530847981570392,7,121968769,chr7:121968769-121968769
chr3:158533643-158533643,rs1714507,T,A,-0.0931330346894772,3,158251432,chr3:158251432-158251432
chr3:158495634-158495634,rs1714518,C,T,0.188973949836088,3,158213423,chr3:158213423-158213423
chr3:158567386-158567386,rs1714520,T,C,-0.136268887566478,3,158285175,chr3:158285175-158285175
chr3:158567072-158567072,rs1714521,A,C,-0.0323794071232303,3,158284861,chr3:158284861-158284861
chr3:158555307-158555307,rs1714524,C,T,-0.191946332907235,3,158273096,chr3:158273096-158273096
chr3:158557355-158557355,rs1714525,A,A,0.432234673427658,3,158275144,chr3:158275144-158275144
chr14:67359160-67359160,rs17184217,C,T,-0.0645399361810733,14,67825877,chr14:67825877-67825877
chr5:87949827-87949827,rs17207485,G,A,0.099768939578328,5,87245644,chr5:87245644-87245644
chr5:140401510-140401510,rs17286683,A,C,0.10547573382804,5,139781095,chr5:139781095-139781095
chr16:71934024-71934024,rs17358402,C,T,0.185884879107899,16,71967927,chr16:71967927-71967927
chr18:53268743-53268743,rs17411061,T,T,-0.00440214819520733,18,50795113,chr18:50795113-50795113
chr6:104976056-104976056,rs1744206,C,C,0.0751384218981293,6,105423931,chr6:105423931-105423931
chr1:65921804-65921804,rs17451403,T,T,0.10332097066346,1,66387487,chr1:66387487-66387487
chr18:53170750-53170750,rs17486305,T,T,0.0599933335739784,18,50697120,chr18:50697120-50697120
chr3:158539605-158539605,rs17628988,G,G,0.155627204789861,3,158257394,chr3:158257394-158257394
chr3:158572818-158572818,rs17629390,G,G,-0.0630057901363405,3,158290607,chr3:158290607-158290607
chr3:158572928-158572928,rs17629414,T,C,0.15169586371569,3,158290717,chr3:158290717-158290717
chr3:158674437-158674437,rs17630785,T,T,0.235252357405281,3,158392226,chr3:158392226-158392226
chr18:37783749-37783749,rs1787068,G,A,0.0250934567296779,18,35363713,chr18:35363713-35363713
chr11:31818856-31818856,rs1806157,A,A,-0.0405269933665076,11,31840404,chr11:31840404-31840404
chr11:31815079-31815079,rs1806159,T,T,-0.086746127918244,11,31836627,chr11:31836627-31836627
chr14:67240904-67240904,rs180755508,T,A,0.0890275126968247,14,67707621,chr14:67707621-67707621
chr5:88097929-88097929,rs1814149,A,G,0.0691042035322432,5,87393746,chr5:87393746-87393746
chr18:54831570-54831570,rs1833281,G,C,-0.0178718310220126,18,52498801,chr18:52498801-52498801
chr18:54833781-54833781,rs1833282,A,G,0.0833497277210854,18,52501012,chr18:52501012-52501012
chr5:87887017-87887017,rs1833834,T,T,0.210409281197569,5,87182834,chr5:87182834-87182834
chr16:71883781-71883781,rs1834034,T,C,-0.0466690634705612,16,71917684,chr16:71917684-71917684
chr3:44649020-44649020,rs1868603,G,C,0.0155718265074636,3,44690512,chr3:44690512-44690512
chr1:72279313-72279313,rs1870676,C,C,0.104316612555933,1,72744996,chr1:72744996-72744996
chr7:140547094-140547094,rs1879901,A,G,-0.152423512203804,7,140246894,chr7:140246894-140246894
chr3:44538426-44538426,rs1881915,A,A,-0.120479965644806,3,44579918,chr3:44579918-44579918
chr3:44543375-44543375,rs1881917,G,G,0.00774459720258819,3,44584867,chr3:44584867-44584867
chr1:8477229-8477229,rs1884352,G,A,-0.0375664049468074,1,8537289,chr1:8537289-8537289
chr11:31812968-31812968,rs1894620,G,G,0.036940398503784,11,31834516,chr11:31834516-31834516
chr14:67163969-67163969,rs190256608,T,A,-0.00816070740941115,14,67630686,chr14:67630686-67630686
chr14:67327024-67327024,rs191959311,A,G,-0.232703160656888,14,67793741,chr14:67793741-67793741
chr3:44550895-44550895,rs1920014,A,A,0.0123797381370454,3,44592387,chr3:44592387-44592387
chr3:44550822-44550822,rs1920015,T,T,-0.082552677363534,3,44592314,chr3:44592314-44592314
chr3:44550649-44550649,rs1920017,G,G,0.0398909487751862,3,44592141,chr3:44592141-44592141
chr5:140868954-140868954,rs192231,C,T,0.163276097881102,5,140248539,chr5:140248539-140248539
chr6:104905600-104905600,rs1933805,A,A,0.294392366993387,6,105353475,chr6:105353475-105353475
chr18:37757610-37757610,rs1942032,C,T,-0.0718643220505622,18,35337574,chr18:35337574-35337574
chr14:64509143-64509143,rs1966865,A,A,0.0568163196449147,14,64975861,chr14:64975861-64975861
chr10:67836214-67836214,rs1985797,A,A,-0.0637190585296072,10,69595972,chr10:69595972-69595972
chr7:140581218-140581218,rs198865,C,T,0.0671038749129892,7,140281018,chr7:140281018-140281018
chr7:2008700-2008700,rs2008263,G,G,-0.252515192336257,7,2048335,chr7:2048335-2048335
chr5:140964657-140964657,rs2067599,A,A,-0.0615561283786011,5,140344242,chr5:140344242-140344242
chr11:31811994-31811994,rs2071164,G,G,0.206804363213032,11,31833542,chr11:31833542-31833542
chr11:31791034-31791034,rs2071754,C,T,-0.165330998419472,11,31812582,chr11:31812582-31812582
chr16:72099312-72099312,rs2072141,G,A,-0.0184587967821884,16,72133211,chr16:72133211-72133211
chr7:140626279-140626279,rs2109927,C,T,0.0568010721231807,7,140326079,chr7:140326079-140326079
chr3:44746786-44746786,rs2135530,G,A,0.142590592813502,3,44788278,chr3:44788278-44788278
chr3:44535628-44535628,rs2141575,G,G,0.118113788618861,3,44577120,chr3:44577120-44577120
chr3:44535598-44535598,rs2141576,C,C,-0.252497749822323,3,44577090,chr3:44577090-44577090
chr11:94417624-94417624,rs2155209,C,C,0.0980954765164622,11,94150790,chr11:94150790-94150790
chr18:52904042-52904042,rs2156284,G,G,-0.194628152277004,18,50430412,chr18:50430412-50430412
chr3:44335678-44335678,rs2171575,A,T,-0.147001024101584,3,44377170,chr3:44377170-44377170
chr3:44549859-44549859,rs2178389,C,C,0.0241692175610609,3,44591351,chr3:44591351-44591351
chr18:54950394-54950394,rs2187413,A,T,-0.0702222301434057,18,52617625,chr18:52617625-52617625
chr5:88095645-88095645,rs2195270,C,T,0.049856969547755,5,87391462,chr5:87391462-87391462
chr5:88095838-88095838,rs2195271,G,A,-0.124237642611261,5,87391655,chr5:87391655-87391655
chr2:156123727-156123727,rs2203901,G,G,0.150664417968371,2,156980239,chr2:156980239-156980239
chr7:141106172-141106172,rs2215592,G,C,-0.225785670748824,7,140805972,chr7:140805972-140805972
chr6:105035452-105035452,rs221615,G,G,0.187579098819128,6,105483327,chr6:105483327-105483327
chr1:96042484-96042484,rs222901,T,A,-0.150806194401324,1,96508040,chr1:96508040-96508040
chr5:140557561-140557561,rs2249213,A,A,-0.00831336740048066,5,139937146,chr5:139937146-139937146
chr7:2252308-2252308,rs2256545,A,A,0.0469858612254196,7,2291943,chr7:2291943-2291943
chr7:2251764-2251764,rs2270052,A,A,-0.0659178680745528,7,2291399,chr7:2291399-2291399
chr10:67838028-67838028,rs2273771,G,A,-0.094894378830268,10,69597786,chr10:69597786-69597786
chr18:54958716-54958716,rs2282585,T,T,0.259736557056378,18,52625947,chr18:52625947-52625947
chr16:72025250-72025250,rs2287999,A,G,0.0770725887545756,16,72059149,chr16:72059149-72059149
chr16:71883155-71883155,rs2288029,G,A,-0.0293928307043972,16,71917058,chr16:71917058-71917058
chr16:71868239-71868239,rs2288031,C,A,0.0456788508929159,16,71902142,chr16:71902142-71902142
chr3:44557611-44557611,rs2293600,T,G,0.00947067062744899,3,44599103,chr3:44599103-44599103
chr14:67412320-67412320,rs2296565,A,G,-5.99064931715691e-05,14,67879037,chr14:67879037-67879037
chr5:88666480-88666480,rs2304608,C,A,0.44097526742399,5,87962298,chr5:87962298-87962298
chr5:140601741-140601741,rs2337224,G,A,0.0209720567474663,5,139981326,chr5:139981326-139981326
chr3:158536392-158536392,rs2363657,A,A,-0.0649013480111575,3,158254181,chr3:158254181-158254181
chr3:44550342-44550342,rs2372774,T,T,0.0978724663666865,3,44591834,chr3:44591834-44591834
chr3:44550060-44550060,rs2372775,A,A,0.0625126946146567,3,44591552,chr3:44591552-44591552
chr3:44743457-44743457,rs2372828,G,A,-0.122318637813587,3,44784949,chr3:44784949-44784949
chr6:104721603-104721603,rs2400051,A,C,-0.0481683254150477,6,105169478,chr6:105169478-105169478
chr6:104918505-104918505,rs2400074,T,T,-0.0877026417179073,6,105366380,chr6:105366380-105366380
chr6:104918249-104918249,rs2400075,G,G,0.150803373610595,6,105366124,chr6:105366124-105366124
chr7:140580998-140580998,rs2429997,T,C,0.0133437258745164,7,140280798,chr7:140280798-140280798
chr12:84508029-84508029,rs2446664,C,T,-0.0725416643230953,12,84901808,chr12:84901808-84901808
chr12:84507990-84507990,rs2446665,C,T,0.0842595193942633,12,84901769,chr12:84901769-84901769
chr7:141016746-141016746,rs246746,A,A,-0.0170251431837596,7,140716546,chr7:140716546-140716546
chr6:104860718-104860718,rs2486143,G,G,0.096214024593257,6,105308593,chr6:105308593-105308593
chr6:104859560-104859560,rs2499655,A,A,-0.232216053485622,6,105307435,chr6:105307435-105307435
chr6:104870219-104870219,rs2499665,G,G,-0.140056267729961,6,105318094,chr6:105318094-105318094
chr6:104871250-104871250,rs2499667,A,A,-0.0844251816937495,6,105319125,chr6:105319125-105319125
chr5:140548543-140548543,rs250425,C,T,0.0219626135915191,5,139928128,chr5:139928128-139928128
chr5:140557395-140557395,rs250427,G,G,-0.359757368366446,5,139936980,chr5:139936980-139936980
chr5:140565241-140565241,rs250429,C,C,-0.0908534049026011,5,139944826,chr5:139944826-139944826
chr11:94488198-94488198,rs2508784,A,G,-0.120268453993154,11,94221364,chr11:94221364-94221364
chr11:94498091-94498091,rs2509943,C,G,-0.194563995449218,11,94231257,chr11:94231257-94231257
chr5:140848291-140848291,rs251352,G,A,0.216969015164288,5,140227876,chr5:140227876-140227876
chr5:140876207-140876207,rs251377,C,A,0.181963779181833,5,140255792,chr5:140255792-140255792
chr5:140665431-140665431,rs2530247,T,A,0.115676833721886,5,140045016,chr5:140045016-140045016
chr7:140579616-140579616,rs2536956,C,T,0.301731046745905,7,140279416,chr7:140279416-140279416
chr5:140631730-140631730,rs2563298,C,A,-0.182229293211146,5,140011315,chr5:140011315-140011315
chr5:140596656-140596656,rs2563321,C,G,-0.00666358852245312,5,139976241,chr5:139976241-139976241
chr5:140598370-140598370,rs2563323,C,G,-0.306224317814955,5,139977955,chr5:139977955-139977955
chr5:140664707-140664707,rs2563335,C,A,-0.025806596315788,5,140044292,chr5:140044292-140044292
chr3:158726922-158726922,rs2566346,C,A,-0.0538642183986855,3,158444711,chr3:158444711-158444711
chr5:140595881-140595881,rs2569163,A,G,0.0594776090892098,5,139975466,chr5:139975466-139975466
chr5:140596041-140596041,rs2569164,A,T,-0.102981474882765,5,139975626,chr5:139975626-139975626
chr5:140596051-140596051,rs2569165,A,C,-0.0166030209011731,5,139975636,chr5:139975636-139975636
chr5:140596087-140596087,rs2569166,G,A,0.0627049906157366,5,139975672,chr5:139975672-139975672
chr5:140596302-140596302,rs2569167,G,A,0.102466190957454,5,139975887,chr5:139975887-139975887
chr5:140599163-140599163,rs2569170,T,C,-0.0467673440411755,5,139978748,chr5:139978748-139978748
chr5:140633331-140633331,rs2569190,A,G,-0.0131154973721866,5,140012916,chr5:140012916-140012916
chr12:84508708-84508708,rs2611289,G,A,0.164803550598157,12,84902487,chr12:84902487-84902487
chr12:84498011-84498011,rs2611292,C,T,-0.168734947787856,12,84891790,chr12:84891790-84891790
chr5:88689478-88689478,rs26579,C,C,0.166045330987123,5,87985295,chr5:87985295-87985295
chr5:88654472-88654472,rs26582,G,A,0.164059508373098,5,87950290,chr5:87950290-87950290
chr3:158308700-158308700,rs2682406,A,A,0.329352533363152,3,158026489,chr3:158026489-158026489
chr7:140575939-140575939,rs269223,C,T,-0.0235979799489082,7,140275739,chr7:140275739-140275739
chr7:140575861-140575861,rs269225,C,G,-0.0565953555496041,7,140275661,chr7:140275661-140275661
chr7:140626786-140626786,rs269227,T,C,0.063505554089143,7,140326586,chr7:140326586-140326586
chr7:140656341-140656341,rs269238,T,G,0.0996451213633029,7,140356141,chr7:140356141-140356141
chr7:140630533-140630533,rs269263,C,T,-0.0339575191068118,7,140330333,chr7:140330333-140330333
chr1:8379565-8379565,rs2708633,A,A,-0.0669830637634522,1,8439625,chr1:8439625-8439625
chr12:84533156-84533156,rs2730694,T,G,-0.0175109704181671,12,84926935,chr12:84926935-84926935
chr3:158572439-158572439,rs2731112,C,G,-0.0680058213829407,3,158290228,chr3:158290228-158290228
chr5:88696759-88696759,rs27732,G,G,-0.0779109944704827,5,87992576,chr5:87992576-87992576
chr14:64505531-64505531,rs28469649,C,C,-0.0100131549797197,14,64972249,chr14:64972249-64972249
chr7:140623500-140623500,rs28498721,T,T,-0.0707189910089318,7,140323300,chr7:140323300-140323300
chr14:64498548-64498548,rs28666045,T,T,0.0301531155462755,14,64965266,chr14:64965266-64965266
chr14:64489927-64489927,rs28738919,T,T,-0.0599197332696505,14,64956645,chr14:64956645-64956645
chr14:64479792-64479792,rs28827477,C,C,-0.156320861823095,14,64946510,chr14:64946510-64946510
chr4:122294226-122294226,rs28854492,T,T,-0.0737082149490243,4,123215381,chr4:123215381-123215381
chr3:44517664-44517664,rs2888389,G,A,0.0935734874789184,3,44559156,chr3:44559156-44559156
chr12:84581197-84581197,rs2896498,C,A,0.0844764902954697,12,84974976,chr12:84974976-84974976
chr5:88397820-88397820,rs2898558,G,C,0.0712026503142206,5,87693637,chr5:87693637-87693637
chr11:31771717-31771717,rs2902449,C,A,0.00901808355726501,11,31793265,chr11:31793265-31793265
chr12:84302172-84302172,rs2929737,T,T,-0.271667074346379,12,84695951,chr12:84695951-84695951
chr12:84315437-84315437,rs2956287,G,G,0.0711410372042696,12,84709216,chr12:84709216-84709216
chr18:55499763-55499763,rs2958189,T,C,0.11216969017769,18,53166994,chr18:53166994-53166994
chr14:64296935-64296935,rs2987983,G,G,0.00489928649172144,14,64763653,chr14:64763653-64763653
chr1:8409277-8409277,rs301789,A,G,0.0387424156526042,1,8469337,chr1:8469337-8469337
chr1:8409224-8409224,rs301790,G,C,-0.105940859696133,1,8469284,chr1:8469284-8469284
chr1:8408312-8408312,rs301791,A,T,0.134082020877177,1,8468372,chr1:8468372-8468372
chr1:8408218-8408218,rs301792,A,G,0.0314072555832519,1,8468278,chr1:8468278-8468278
chr1:8407293-8407293,rs301795,G,A,-0.126757938035218,1,8467353,chr1:8467353-8467353
chr1:8438620-8438620,rs301803,A,T,-0.186299413397882,1,8498680,chr1:8498680-8498680
chr1:8422018-8422018,rs301806,C,T,0.0968648001988765,1,8482078,chr1:8482078-8482078
chr1:8424763-8424763,rs301807,A,G,-0.663852453715327,1,8484823,chr1:8484823-8484823
chr14:64347100-64347100,rs3020441,C,T,-0.0719231247497017,14,64813818,chr14:64813818-64813818
chr14:64309493-64309493,rs3020447,T,T,0.0197133310438517,14,64776211,chr14:64776211-64776211
chr14:64306674-64306674,rs3020449,A,G,-0.110978207633594,14,64773392,chr14:64773392-64773392
chr1:72282986-72282986,rs3101339,C,C,-0.0961934261015187,1,72748669,chr1:72748669-72748669
chr1:72282161-72282161,rs3101341,T,T,-0.0946916838605437,1,72747844,chr1:72747844-72747844
chr10:67733482-67733482,rs3125311,G,G,0.158554316787927,10,69493240,chr10:69493240-69493240
chr6:105005542-105005542,rs314261,C,C,0.0167006269194887,6,105453417,chr6:105453417-105453417
chr6:104942692-104942692,rs314265,T,T,0.0470474602827127,6,105390567,chr6:105390567-105390567
chr6:104973442-104973442,rs314266,T,T,-0.0107049199446077,6,105421317,chr6:105421317-105421317
chr6:104972115-104972115,rs314267,C,C,0.169756186931102,6,105419990,chr6:105419990-105419990
chr6:104967823-104967823,rs314269,T,T,0.125611508019517,6,105415698,chr6:105415698-105415698
chr6:105014129-105014129,rs314272,A,A,-0.120549838421159,6,105462004,chr6:105462004-105462004
chr6:104965057-104965057,rs314274,C,C,-0.137652935203723,6,105412932,chr6:105412932-105412932
chr6:104952962-104952962,rs314280,G,G,0.0537056087970344,6,105400837,chr6:105400837-105400837
chr6:104991965-104991965,rs314282,A,A,-0.0392841105742424,6,105439840,chr6:105439840-105439840
chr6:104986786-104986786,rs314287,G,G,-0.0430540242369542,6,105434661,chr6:105434661-105434661
chr6:104983059-104983059,rs314289,T,T,-0.100247178078857,6,105430934,chr6:105430934-105430934
chr6:104977026-104977026,rs314291,T,T,0.025474180072431,6,105424901,chr6:105424901-105424901
chr7:2245543-2245543,rs33922585,T,T,-0.0210813597572521,7,2285178,chr7:2285178-2285178
chr7:2249034-2249034,rs33981648,C,C,-0.0489515213152098,7,2288669,chr7:2288669-2288669
chr7:1920339-1920339,rs34008721,C,C,-0.130908177315742,7,1959975,chr7:1959975-1959975
chr7:1886601-1886601,rs34145223,A,A,-0.0764771532565114,7,1926237,chr7:1926237-1926237
chr5:88394130-88394130,rs34148755,G,T,-0.0049477478637428,5,87689947,chr5:87689947-87689947
chr10:67886174-67886174,rs34416841,C,C,0.270961039411829,10,69645932,chr10:69645932-69645932
chr7:2238548-2238548,rs34418140,T,T,0.171329687329594,7,2278183,chr7:2278183-2278183
chr7:1929215-1929215,rs34419870,T,T,0.00791941442419266,7,1968851,chr7:1968851-1968851
chr12:84488036-84488036,rs34508355,T,T,0.0836168722480422,12,84881815,chr12:84881815-84881815
chr5:140663765-140663765,rs34678418,C,T,0.0254460216684969,5,140043350,chr5:140043350-140043350
chr12:84371338-84371338,rs34847753,T,T,0.192397539018869,12,84765117,chr12:84765117-84765117
chr7:1899019-1899019,rs34922657,T,T,-0.171182059472306,7,1938655,chr7:1938655-1938655
chr14:64388707-64388707,rs35020344,A,G,-0.0547493085343036,14,64855425,chr14:64855425-64855425
chr16:71845769-71845769,rs35028754,G,A,0.152377490339629,16,71879672,chr16:71879672-71879672
chr11:94311400-94311400,rs35103283,C,T,0.0699668342774893,11,94044566,chr11:94044566-94044566
chr5:88750341-88750341,rs35148765,A,A,-0.350784867446865,5,88046158,chr5:88046158-88046158
chr18:54831059-54831059,rs35413162,C,G,0.0674988359005129,18,52498290,chr18:52498290-52498290
chr5:140664033-140664033,rs35614340,C,G,0.111634616579668,5,140043618,chr5:140043618-140043618
chr7:2229613-2229613,rs35791351,T,T,-0.129713700305041,7,2269248,chr7:2269248-2269248
chr10:124604740-124604740,rs35837782,G,G,0.0171018641850623,10,126293309,chr10:126293309-126293309
chr10:124606939-124606939,rs35986134,C,T,0.00309411398072027,10,126295508,chr10:126295508-126295508
chr3:157966624-157966624,rs36103350,T,T,0.0767962386953013,3,157684413,chr3:157684413-157684413
chr6:104995314-104995314,rs364663,A,A,0.282005872872677,6,105443189,chr6:105443189-105443189
chr6:104996183-104996183,rs369065,T,T,-0.033334511596271,6,105444058,chr6:105444058-105444058
chr10:124605598-124605598,rs3740540,G,A,0.156097795712441,10,126294167,chr10:126294167-126294167
chr10:67606844-67606844,rs3750863,C,C,-0.015146596709436,10,69366602,chr10:69366602-69366602
chr16:71928003-71928003,rs3751820,A,G,-0.108712018311777,16,71961906,chr16:71961906-71961906
chr5:140834211-140834211,rs3756334,A,A,-0.0967035044379763,5,140213796,chr5:140213796-140213796
chr5:140800976-140800976,rs3756338,G,G,0.241577930042627,5,140180561,chr5:140180561-140180561
chr7:2232487-2232487,rs3757439,T,T,-0.209336661176957,7,2272122,chr7:2272122-2272122
chr7:2233301-2233301,rs3757440,G,G,0.183841273007393,7,2272936,chr7:2272936-2272936
chr11:94399958-94399958,rs3758789,T,A,-0.0554572332860696,11,94133124,chr11:94133124-94133124
chr1:8385300-8385300,rs3765971,T,T,-0.155907143634473,1,8445360,chr1:8445360-8445360
chr7:2100355-2100355,rs3778969,A,A,0.0019239969215599,7,2139990,chr7:2139990-2139990
chr7:2141118-2141118,rs3778998,A,A,-0.0477645899419017,7,2180753,chr7:2180753-2180753
chr7:2141250-2141250,rs3778999,A,A,-0.112191235557567,7,2180885,chr7:2180885-2180885
chr5:88267571-88267571,rs377958,A,A,0.0384296058815099,5,87563388,chr5:87563388-87563388
chr14:64435010-64435010,rs3783727,T,T,-0.0407862347308228,14,64901728,chr14:64901728-64901728
chr16:71927436-71927436,rs3794692,T,C,-0.0663591101830707,16,71961339,chr16:71961339-71961339
chr1:8371547-8371547,rs3795310,T,T,0.0160446365283697,1,8431607,chr1:8431607-8431607
chr7:2070298-2070298,rs3800869,T,T,-0.0305146374219807,7,2109933,chr7:2109933-2109933
chr7:2070601-2070601,rs3800871,C,T,0.162222271677236,7,2110236,chr7:2110236-2110236
chr7:2070637-2070637,rs3800872,C,G,-0.184957667645176,7,2110272,chr7:2110272-2110272
chr7:2104743-2104743,rs3800902,T,T,-0.0288496467679067,7,2144378,chr7:2144378-2144378
chr7:2227807-2227807,rs3800938,G,G,0.0552338064335617,7,2267442,chr7:2267442-2267442
chr3:158571246-158571246,rs3817373,A,A,-0.187421060830738,3,158289035,chr3:158289035-158289035
chr5:140642851-140642851,rs3822356,A,G,0.19828549104046,5,140022436,chr5:140022436-140022436
chr11:94401306-94401306,rs3824878,C,C,0.0395592258666375,11,94134472,chr11:94134472-94134472
chr7:140726457-140726457,rs3829814,A,G,-0.240971885828586,7,140426257,chr7:140426257-140426257
chr7:141014483-141014483,rs38741,G,G,0.0459017614340746,7,140714283,chr7:140714283-140714283
chr7:141015497-141015497,rs38743,A,A,0.065046119030903,7,140715297,chr7:140715297-140715297
chr7:1838288-1838288,rs3889797,C,C,0.275238298174592,7,1877924,chr7:1877924-1877924
chr6:104948312-104948312,rs395523,C,C,-0.126016663577319,6,105396187,chr6:105396187-105396187
chr7:1994382-1994382,rs3996328,T,T,-0.122969967868436,7,2034017,chr7:2034017-2034017
chr5:88268106-88268106,rs402114,T,T,-0.124524458258987,5,87563923,chr5:87563923-87563923
chr6:104720483-104720483,rs4132193,C,T,-0.0541765198643976,6,105168358,chr6:105168358-105168358
chr3:158798244-158798244,rs41363745,G,A,0.0340950418617851,3,158516033,chr3:158516033-158516033
chr6:104876936-104876936,rs4142531,A,A,-0.123984236640592,6,105324811,chr6:105324811-105324811
chr5:140807072-140807072,rs4151680,G,G,0.0965899207844321,5,140186657,chr5:140186657-140186657
chr7:1856705-1856705,rs4236273,G,A,-0.171777720032499,7,1896341,chr7:1896341-1896341
chr18:55076600-55076600,rs4257287,T,T,-0.0317158554178513,18,52743831,chr18:52743831-52743831
chr3:158745436-158745436,rs4264773,T,T,-0.00525473275156419,3,158463225,chr3:158463225-158463225
chr6:104877508-104877508,rs4299867,C,C,-0.0155149820284769,6,105325383,chr6:105325383-105325383
chr14:33712263-33712263,rs4312220,A,A,0.0975888363891866,14,34181469,chr14:34181469-34181469
chr18:54880892-54880892,rs4331410,A,A,0.152651255677905,18,52548123,chr18:52548123-52548123
chr2:156187298-156187298,rs4369814,C,C,0.0370334584631817,2,157043810,chr2:157043810-157043810
chr7:1844994-1844994,rs4449693,C,C,0.0793499888541815,7,1884630,chr7:1884630-1884630
chr5:87909674-87909674,rs4482931,C,C,NA,5,87205491,chr5:87205491-87205491
chr10:67632602-67632602,rs4484989,C,C,-0.0921520825602891,10,69392360,chr10:69392360-69392360
chr3:44532989-44532989,rs4498080,T,T,-0.160131713755939,3,44574481,chr3:44574481-44574481
chr6:104877457-104877457,rs4504502,G,G,0.0102959131351771,6,105325332,chr6:105325332-105325332
chr6:104917551-104917551,rs4515420,T,T,0.0849770617939134,6,105365426,chr6:105365426-105365426
chr12:84436378-84436378,rs4545602,A,A,-0.026820324984642,12,84830157,chr12:84830157-84830157
chr6:104994762-104994762,rs454568,T,T,-0.227525678234872,6,105442637,chr6:105442637-105442637
chr4:122219899-122219899,rs45605540,C,C,-0.134572550078358,4,123141054,chr4:123141054-123141054
chr14:64496408-64496408,rs4632045,T,T,0.0753171622467761,14,64963126,chr14:64963126-64963126
chr2:143429083-143429083,rs4662331,T,C,-0.0830788896819434,2,144186652,chr2:144186652-144186652
chr3:158573266-158573266,rs4680445,T,G,0.267282093547572,3,158291055,chr3:158291055-158291055
chr3:44184840-44184840,rs4682718,G,G,0.0380295464915805,3,44226332,chr3:44226332-44226332
chr7:2008501-2008501,rs4719391,C,C,0.0616032029527425,7,2048136,chr7:2048136-2048136
chr7:2066125-2066125,rs4719415,A,G,0.0105934788423039,7,2105760,chr7:2105760-2105760
chr7:2066973-2066973,rs4719416,G,A,0.122669103389335,7,2106608,chr7:2106608-2106608
chr7:2121464-2121464,rs4719443,G,G,-0.0777297937214268,7,2161099,chr7:2161099-2161099
chr7:2245384-2245384,rs4719468,C,C,-0.119936006356428,7,2285019,chr7:2285019-2285019
chr7:1872421-1872421,rs4721134,A,A,-0.0635167757859484,7,1912057,chr7:1912057-1912057
chr7:1872586-1872586,rs4721135,G,G,0.160624223621392,7,1912222,chr7:1912222-1912222
chr7:1899566-1899566,rs4721175,T,C,0.0153548982855006,7,1939202,chr7:1939202-1939202
chr7:1997034-1997034,rs4721295,G,G,0.163941633643138,7,2036669,chr7:2036669-2036669
chr7:2144425-2144425,rs4721441,C,C,-0.0470014322194443,7,2184060,chr7:2184060-2184060
chr7:140532443-140532443,rs4726889,A,A,0.0278569158425199,7,140232243,chr7:140232243-140232243
chr10:67624389-67624389,rs4746693,C,C,-0.141060563029383,10,69384147,chr10:69384147-69384147
chr10:67880665-67880665,rs4746716,C,C,0.0279154848024979,10,69640423,chr10:69640423-69640423
chr12:84504043-84504043,rs4761067,G,G,0.139858236514959,12,84897822,chr12:84897822-84897822
chr11:94480739-94480739,rs476137,T,T,0.00083190901074258,11,94213905,chr11:94213905-94213905
chr16:71845965-71845965,rs4788563,A,C,-0.0531605986792775,16,71879868,chr16:71879868-71879868
chr16:72009140-72009140,rs4788597,T,T,0.130679908832639,16,72043039,chr16:72043039-72043039
chr16:72014181-72014181,rs4788600,T,T,0.101581666362543,16,72048080,chr16:72048080-72048080
chr18:37540414-37540414,rs4799454,G,A,0.0903029747581494,18,35120377,chr18:35120377-35120377
chr18:54961692-54961692,rs4801117,C,A,0.129609737617364,18,52628923,chr18:52628923-52628923
chr11:94345103-94345103,rs484889,C,C,0.663436947963568,11,94078269,chr11:94078269-94078269
chr12:84334909-84334909,rs4882415,G,G,0.0449120386448283,12,84728688,chr12:84728688-84728688
chr12:84298410-84298410,rs4882495,A,A,-0.14742579045926,12,84692189,chr12:84692189-84692189
chr11:94603265-94603265,rs489591,T,C,-0.117961880763152,11,94336431,chr11:94336431-94336431
chr14:64396636-64396636,rs4899134,T,G,0.0418932019225071,14,64863354,chr14:64863354-64863354
chr14:64396493-64396493,rs4902280,G,A,-0.171357137801396,14,64863211,chr14:64863211-64863211
chr7:141055464-141055464,rs490810,G,G,0.0374236200815562,7,140755264,chr7:140755264-140755264
chr1:8466082-8466082,rs4908760,G,A,-0.110201236937013,1,8526142,chr1:8526142-8526142
chr5:140638650-140638650,rs4912717,G,A,0.138152520636446,5,140018235,chr5:140018235-140018235
chr5:140638793-140638793,rs4912718,C,T,0.0685451477380489,5,140018378,chr5:140018378-140018378
chr5:88558577-88558577,rs4916723,C,C,0.0387959569070958,5,87854395,chr5:87854395-87854395
chr5:88115240-88115240,rs4916888,A,C,-0.183148157229697,5,87411057,chr5:87411057-87411057
chr11:94410226-94410226,rs492073,A,G,0.0478682850219808,11,94143392,chr11:94143392-94143392
chr6:104975954-104975954,rs4946652,C,C,0.109407074360694,6,105423829,chr6:105423829-105423829
chr1:96554491-96554491,rs4949998,C,C,-0.0655949021956669,1,97020047,chr1:97020047-97020047
chr10:124574011-124574011,rs4962654,C,C,0.0269066164286658,10,126262580,chr10:126262580-126262580
chr11:94492754-94492754,rs497763,T,T,0.142082624699663,11,94225920,chr11:94225920-94225920
chr1:96417115-96417115,rs505066,A,A,-0.0789879052106127,1,96882671,chr1:96882671-96882671
chr7:141073197-141073197,rs512177,C,C,-0.164297327006529,7,140772997,chr7:140772997-140772997
chr11:94493416-94493416,rs524350,A,G,0.0183506654911527,11,94226582,chr11:94226582-94226582
chr7:141072843-141072843,rs536809,T,T,0.160054739013823,7,140772643,chr7:140772643-140772643
chr11:94481673-94481673,rs557148,C,C,-0.0673202118872484,11,94214839,chr11:94214839-94214839
chr5:140569824-140569824,rs55720104,T,C,0.0601862748657087,5,139949409,chr5:139949409-139949409
chr3:158495758-158495758,rs55765541,A,A,-0.0478621623325954,3,158213547,chr3:158213547-158213547
chr14:64390665-64390665,rs55795508,T,C,0.0711825042120499,14,64857383,chr14:64857383-64857383
chr7:2064104-2064104,rs55810445,C,T,-0.180389528385689,7,2103739,chr7:2103739-2103739
chr18:55119556-55119556,rs55818555,C,C,0.0118660905576608,18,52786787,chr18:52786787-52786787
chr11:94603156-94603156,rs55873762,G,A,-0.004108557155965,11,94336322,chr11:94336322-94336322
chr7:140819439-140819439,rs55875248,C,C,-0.141086832931933,7,140519239,chr7:140519239-140519239
chr4:122195840-122195840,rs55904957,C,C,-0.00810462526485703,4,123116995,chr4:123116995-123116995
chr18:53349767-53349767,rs55947207,A,A,-0.085253243148278,18,50876137,chr18:50876137-50876137
chr4:122146653-122146653,rs56035021,A,A,0.0279154087832652,4,123067808,chr4:123067808-123067808
chr12:84104158-84104158,rs56051015,G,G,0.0923652254791666,12,84497937,chr12:84497937-84497937
chr6:99131607-99131607,rs56069368,G,G,0.0468922951431141,6,99579483,chr6:99579483-99579483
chr4:122441954-122441954,rs56267605,C,C,0.242780129008727,4,123363109,chr4:123363109-123363109
chr6:104956687-104956687,rs56339318,A,C,-0.0472804579747447,6,105404562,chr6:105404562-105404562
chr7:140925944-140925944,rs56347011,T,T,-0.116413949010732,7,140625744,chr7:140625744-140625744
chr4:122441874-122441874,rs56360035,T,T,-0.221686140116764,4,123363029,chr4:123363029-123363029
chr7:140570511-140570511,rs56370096,C,A,-0.197829290906803,7,140270311,chr7:140270311-140270311
chr7:140623541-140623541,rs57021669,G,G,-0.101684575816079,7,140323341,chr7:140323341-140323341
chr14:64385129-64385129,rs57087457,G,A,0.151475882123857,14,64851847,chr14:64851847-64851847
chr5:140633722-140633722,rs5744455,G,A,0.00856773907979235,5,140013307,chr5:140013307-140013307
chr14:64488974-64488974,rs57525201,T,T,-0.0949147101596279,14,64955692,chr14:64955692-64955692
chr6:99146657-99146657,rs57643236,T,T,0.0589009625285658,6,99594533,chr6:99594533-99594533
chr7:140570426-140570426,rs58590331,G,A,-0.129715762196526,7,140270226,chr7:140270226-140270226
chr5:88736705-88736705,rs587490,T,T,-0.0263491872678336,5,88032522,chr5:88032522-88032522
chr5:88736834-88736834,rs588282,T,T,-0.040481512060544,5,88032651,chr5:88032651-88032651
chr11:31797787-31797787,rs592859,C,G,0.0351988052956241,11,31819335,chr11:31819335-31819335
chr14:67238951-67238951,rs59472119,T,C,0.252096748025525,14,67705668,chr14:67705668-67705668
chr5:140882092-140882092,rs59479,A,C,0.0510409556542498,5,140261677,chr5:140261677-140261677
chr3:158556129-158556129,rs59502510,T,T,0.0566290724861532,3,158273918,chr3:158273918-158273918
chr3:158642504-158642504,rs59527167,C,C,0.135488036410603,3,158360293,chr3:158360293-158360293
chr14:64488953-64488953,rs59577187,T,T,0.0716780009010635,14,64955671,chr14:64955671-64955671
chr3:158642319-158642319,rs59602208,T,T,-0.282773452885803,3,158360108,chr3:158360108-158360108
chr4:122531076-122531076,rs59867199,T,T,-0.149853358518976,4,123452231,chr4:123452231-123452231
chr5:88747839-88747839,rs599402,C,C,0.0488208207418573,5,88043656,chr5:88043656-88043656
chr11:31813920-31813920,rs60171845,C,C,0.228958102301414,11,31835468,chr11:31835468-31835468
chr11:94602964-94602964,rs608972,T,C,-0.0574548623288424,11,94336130,chr11:94336130-94336130
chr5:88867954-88867954,rs61104616,A,A,-0.0203406487491321,5,88163771,chr5:88163771-88163771
chr1:96001968-96001968,rs615413,G,T,0.329832407800042,1,96467524,chr1:96467524-96467524
chr11:31799919-31799919,rs61879810,A,G,0.0617526670956572,11,31821467,chr11:31821467-31821467
chr14:64489628-64489628,rs61985668,C,C,0.0471317236280661,14,64956346,chr14:64956346-64956346
chr14:64509882-64509882,rs61985706,A,A,0.138435290636541,14,64976600,chr14:64976600-64976600
chr18:55178349-55178349,rs62092388,A,A,-0.021392521615531,18,52845580,chr18:52845580-52845580
chr18:53348855-53348855,rs62098017,C,C,-0.10609460143153,18,50875225,chr18:50875225-50875225
chr3:44185020-44185020,rs62251289,G,A,-0.116190254319578,3,44226512,chr3:44226512-44226512
chr3:158058637-158058637,rs62286631,T,T,0.0638817940532123,3,157776426,chr3:157776426-157776426
chr4:122155740-122155740,rs62323898,G,G,0.0598168803948474,4,123076895,chr4:123076895-123076895
chr6:98886978-98886978,rs62423594,G,A,-0.100154512249754,6,99334854,chr6:99334854-99334854
chr7:1845301-1845301,rs62435127,A,G,-0.0236308441551046,7,1884937,chr7:1884937-1884937
chr7:2069864-2069864,rs62444919,C,T,-0.272843737959442,7,2109499,chr7:2109499-2109499
chr7:122338213-122338213,rs62473069,A,A,-0.229932061024553,7,121978267,chr7:121978267-121978267
chr7:140806237-140806237,rs62484288,T,T,-0.00370064359310824,7,140506037,chr7:140506037-140506037
chr7:140889860-140889860,rs62485366,A,A,-0.0553116247023511,7,140589660,chr7:140589660-140589660
chr7:140902260-140902260,rs62485368,A,A,-0.0594306335882876,7,140602060,chr7:140602060-140602060
chr7:140904860-140904860,rs62485370,A,A,0.00253773889664963,7,140604660,chr7:140604660-140604660
chr7:140923486-140923486,rs62485377,A,A,-0.28450792524084,7,140623286,chr7:140623286-140623286
chr7:140580971-140580971,rs62485839,C,G,-0.117120005756335,7,140280771,chr7:140280771-140280771
chr7:141056477-141056477,rs62486600,C,C,0.132239660449017,7,140756277,chr7:140756277-140756277
chr3:158351318-158351318,rs6441188,A,A,-0.0628836728784885,3,158069107,chr3:158069107-158069107
chr3:44462087-44462087,rs6441844,C,T,-0.118709334479968,3,44503579,chr3:44503579-44503579
chr3:44538115-44538115,rs6441850,A,A,-0.00340067360982062,3,44579607,chr3:44579607-44579607
chr3:44542007-44542007,rs6441851,A,A,-0.0604437185421357,3,44583499,chr3:44583499-44583499
chr3:44542016-44542016,rs6441852,G,G,-0.103660604785387,3,44583508,chr3:44583508-44583508
chr3:44542083-44542083,rs6441853,G,G,-0.00617772802517808,3,44583575,chr3:44583575-44583575
chr3:44549621-44549621,rs6441855,G,G,0.0532803994326607,3,44591113,chr3:44591113-44591113
chr3:44554657-44554657,rs6441856,G,G,0.0345281804648061,3,44596149,chr3:44596149-44596149
chr3:44555404-44555404,rs6441857,C,C,-0.0595672002505883,3,44596896,chr3:44596896-44596896
chr3:44584132-44584132,rs6441858,C,C,0.05165179464021,3,44625624,chr3:44625624-44625624
chr3:44584405-44584405,rs6441859,A,A,-0.505584272006954,3,44625897,chr3:44625897-44625897
chr5:88093210-88093210,rs6452769,G,A,0.158410278547257,5,87389027,chr5:87389027-87389027
chr5:88093240-88093240,rs6452770,G,C,-0.072982358660279,5,87389057,chr5:87389057-87389057
chr5:88389683-88389683,rs6452785,C,T,0.0541066590088715,5,87685500,chr5:87685500-87685500
chr5:88475276-88475276,rs6452791,A,C,0.00524153636309491,5,87771093,chr5:87771093-87771093
chr11:94406075-94406075,rs646130,C,T,0.0879059346108076,11,94139241,chr11:94139241-94139241
chr7:141056362-141056362,rs6464284,C,C,0.170659769057789,7,140756162,chr7:140756162-140756162
chr10:67632422-67632422,rs6480282,C,C,-0.166913940616531,10,69392180,chr10:69392180-69392180
chr11:94555485-94555485,rs6483346,G,C,0.195539316027974,11,94288651,chr11:94288651-94288651
chr16:6284990-6284990,rs6500767,G,A,-0.0850618924962352,16,6334991,chr16:6334991-6334991
chr18:52995917-52995917,rs6508183,C,T,-0.151777166137718,18,50522287,chr18:50522287-50522287
chr18:53369745-53369745,rs6508231,T,T,0.17008467238977,18,50896115,chr18:50896115-50896115
chr6:104720041-104720041,rs6571201,T,C,-0.177528023306122,6,105167916,chr6:105167916-105167916
chr1:8476515-8476515,rs6577489,A,C,-0.180751924271696,1,8536575,chr1:8536575-8536575
chr11:94405807-94405807,rs657830,G,C,-0.00301948004316099,11,94138973,chr11:94138973-94138973
chr11:94484490-94484490,rs659349,C,C,0.0173146826849685,11,94217656,chr11:94217656-94217656
chr7:141006357-141006357,rs6662,G,T,0.0951866981471005,7,140706157,chr7:140706157-140706157
chr1:96477531-96477531,rs6668913,C,C,-0.0883221881181031,1,96943087,chr1:96943087-96943087
chr12:84424085-84424085,rs66921917,G,G,-0.0575108561884719,12,84817864,chr12:84817864-84817864
chr3:44433059-44433059,rs66922431,C,T,-0.0974568511054183,3,44474551,chr3:44474551-44474551
chr1:8314127-8314127,rs6694282,A,A,0.0900563203997327,1,8374187,chr1:8374187-8374187
chr3:158496414-158496414,rs67286798,A,A,-0.047973357324283,3,158214203,chr3:158214203-158214203
chr3:158747903-158747903,rs67301795,A,A,-0.0548925891263971,3,158465692,chr3:158465692-158465692
chr3:158747922-158747922,rs67446837,A,A,-0.203389748531594,3,158465711,chr3:158465711-158465711
chr12:84475565-84475565,rs67571403,C,C,-0.245801694121016,12,84869344,chr12:84869344-84869344
chr5:88740070-88740070,rs676096,T,T,0.09972593740683,5,88035887,chr5:88035887-88035887
chr3:44569013-44569013,rs6768789,A,A,-0.0931785717295661,3,44610505,chr3:44610505-44610505
chr3:44481312-44481312,rs6769609,C,T,0.222905610594958,3,44522804,chr3:44522804-44522804
chr3:158500033-158500033,rs6770005,C,C,0.203326854866753,3,158217822,chr3:158217822-158217822
chr3:158113589-158113589,rs6770442,C,T,0.0196343346147062,3,157831378,chr3:157831378-157831378
chr3:44578138-44578138,rs6770567,G,G,0.0424797621684103,3,44619630,chr3:44619630-44619630
chr3:44712685-44712685,rs6771160,C,G,-0.0382397148163341,3,44754177,chr3:44754177-44754177
chr3:44577715-44577715,rs6773415,T,T,0.160678575922494,3,44619207,chr3:44619207-44619207
chr3:158114071-158114071,rs6773505,G,A,-0.0224141631030271,3,157831860,chr3:157831860-157831860
chr5:88749758-88749758,rs677679,T,T,-0.0772424899265265,5,88045575,chr5:88045575-88045575
chr3:44579834-44579834,rs6777333,C,C,0.207461567579541,3,44621326,chr3:44621326-44621326
chr3:44580002-44580002,rs6779941,C,C,0.100905790764127,3,44621494,chr3:44621494-44621494
chr3:158113429-158113429,rs6783175,T,C,0.0469829045140965,3,157831218,chr3:157831218-157831218
chr3:44579793-44579793,rs6785876,A,A,-0.00310673652869046,3,44621285,chr3:44621285-44621285
chr3:158495034-158495034,rs6788907,A,A,0.0556977178759867,3,158212823,chr3:158212823-158212823
chr3:44099773-44099773,rs6789231,G,G,0.0962409199378509,3,44141265,chr3:44141265-44141265
chr3:158714081-158714081,rs6791276,G,G,0.0879093535965006,3,158431870,chr3:158431870-158431870
chr5:88758946-88758946,rs679232,A,A,-0.223818609617976,5,88054763,chr5:88054763-88054763
chr3:158113265-158113265,rs6794461,A,G,-0.195976384942742,3,157831054,chr3:157831054-157831054
chr3:158557244-158557244,rs6795710,T,T,-0.0706625425636352,3,158275033,chr3:158275033-158275033
chr3:158114017-158114017,rs6797626,A,G,-0.0626837887123895,3,157831806,chr3:157831806-157831806
chr3:158091598-158091598,rs6798355,A,A,0.0408963669022544,3,157809387,chr3:157809387-157809387
chr3:44515369-44515369,rs6798590,T,A,-0.170216648686717,3,44556861,chr3:44556861-44556861
chr3:44546361-44546361,rs6801887,C,C,0.10678073918368,3,44587853,chr3:44587853-44587853
chr3:44568895-44568895,rs6808641,C,C,0.169397575857052,3,44610387,chr3:44610387-44610387
chr3:44670605-44670605,rs6809116,A,C,-0.0630021009785685,3,44712097,chr3:44712097-44712097
chr3:44545933-44545933,rs6809619,A,A,-0.181684499884801,3,44587425,chr3:44587425-44587425
chr5:140399673-140399673,rs6893225,A,A,0.0690681323613504,5,139779258,chr5:139779258-139779258
chr6:104965495-104965495,rs6900292,C,C,-0.0115976906131889,6,105413370,chr6:105413370-105413370
chr6:99102730-99102730,rs6917917,A,T,0.0702591889903746,6,99550606,chr6:99550606-99550606
chr6:104756746-104756746,rs6929352,T,C,-0.150516501592594,6,105204621,chr6:105204621-105204621
chr11:94519892-94519892,rs693815,G,T,-0.0714836998961834,11,94253058,chr11:94253058-94253058
chr11:31803970-31803970,rs694617,T,G,-0.109351054812675,11,31825518,chr11:31825518-31825518
chr7:2217977-2217977,rs6951493,A,A,0.127008549700001,7,2257612,chr7:2257612-2257612
chr7:1846899-1846899,rs6952808,C,C,0.105769388794214,7,1886535,chr7:1886535-1886535
chr7:1846752-1846752,rs6953693,G,G,-0.0522087166223467,7,1886388,chr7:1886388-1886388
chr7:141072599-141072599,rs6960603,A,A,-0.218537886977578,7,140772399,chr7:140772399-140772399
chr7:2173123-2173123,rs6967286,A,A,0.00150729214835147,7,2212758,chr7:2212758-2212758
chr7:1847089-1847089,rs6977733,A,A,0.377546433635575,7,1886725,chr7:1886725-1886725
chr10:67722037-67722037,rs7074734,T,T,-0.0143688315418817,10,69481795,chr10:69481795-69481795
chr10:124542309-124542309,rs7077436,A,A,-0.0241207657218293,10,126230878,chr10:126230878-126230878
chr10:67819299-67819299,rs7080662,C,C,-0.00262582792392424,10,69579057,chr10:69579057-69579057
chr10:124574131-124574131,rs7086626,T,T,0.134715563884438,10,126262700,chr10:126262700-126262700
chr10:67606621-67606621,rs7089724,G,G,-0.0181600271837049,10,69366379,chr10:69366379-69366379
chr10:124548898-124548898,rs7093628,A,A,-0.0101208702480844,10,126237467,chr10:126237467-126237467
chr10:67849547-67849547,rs7096745,A,A,0.22797561075646,10,69609305,chr10:69609305-69609305
chr11:94586119-94586119,rs7102518,A,G,-0.0330296711326303,11,94319285,chr11:94319285-94319285
chr11:94587071-94587071,rs7110167,T,C,-0.102635864936722,11,94320237,chr11:94320237-94320237
chr11:94586307-94586307,rs7120587,C,T,0.209969767850205,11,94319473,chr11:94319473-94319473
chr16:71894790-71894790,rs71386939,C,T,0.0973879315008259,16,71928693,chr16:71928693-71928693
chr14:67268651-67268651,rs7149535,G,A,0.0386701194569942,14,67735368,chr14:67735368-67735368
chr14:64390378-64390378,rs7151163,T,G,-0.0256581102188096,14,64857096,chr14:64857096-64857096
chr7:2229157-2229157,rs71525363,A,A,0.0500832524173047,7,2268792,chr7:2268792-2268792
chr14:67311498-67311498,rs7153965,T,C,-0.277497380770261,14,67778215,chr14:67778215-67778215
chr16:72094400-72094400,rs7194397,C,T,0.0109576565420564,16,72128299,chr16:72128299-72128299
chr16:71929283-71929283,rs7195988,C,T,-0.00500816807906728,16,71963186,chr16:71963186-71963186
chr16:72066881-72066881,rs7201643,A,A,0.220347898902147,16,72100780,chr16:72100780-72100780
chr18:54880525-54880525,rs7231363,A,A,-0.104481196726206,18,52547756,chr18:52547756-52547756
chr18:52997589-52997589,rs7238466,A,G,0.107220520375415,18,50523959,chr18:50523959-50523959
chr18:52897993-52897993,rs7243467,T,C,-0.0648149560084769,18,50424363,chr18:50424363-50424363
chr18:52898340-52898340,rs7244124,C,C,-0.112411710627568,18,50424710,chr18:50424710-50424710
chr1:8318539-8318539,rs72635792,G,G,0.153145213901558,1,8378599,chr1:8378599-8378599
chr5:140599060-140599060,rs72798896,C,T,-0.0628293311820497,5,139978645,chr5:139978645-139978645
chr3:44580877-44580877,rs72860788,C,C,0.145433129566101,3,44622369,chr3:44622369-44622369
chr11:94584543-94584543,rs72963868,T,A,-0.0190543487993725,11,94317709,chr11:94317709-94317709
chr12:89358491-89358491,rs7299774,G,G,-0.0237167216277751,12,89752268,chr12:89752268-89752268
chr3:158562264-158562264,rs73022742,C,C,0.0908151587360795,3,158280053,chr3:158280053-158280053
chr7:2099651-2099651,rs73038441,C,C,-0.186510222155715,7,2139286,chr7:2139286-2139286
chr7:2099822-2099822,rs73038442,T,T,-0.143944785312419,7,2139457,chr7:2139457-2139457
chr7:2139096-2139096,rs73039217,A,A,0.0281381623128075,7,2178731,chr7:2178731-2178731
chr12:84276252-84276252,rs7304209,C,C,-0.0478635289834158,12,84670031,chr12:84670031-84670031
chr7:1843159-1843159,rs73046323,G,A,0.126493471734467,7,1882795,chr7:1882795-1882795
chr7:2064002-2064002,rs73048919,A,A,-0.0251792772424019,7,2103637,chr7:2103637-2103637
chr12:84575840-84575840,rs7307149,G,A,0.106834314171828,12,84969619,chr12:84969619-84969619
chr3:44198774-44198774,rs73084558,A,A,-0.039290032099141,3,44240266,chr3:44240266-44240266
chr3:44355732-44355732,rs73090417,T,T,-0.169701377805192,3,44397224,chr3:44397224-44397224
chr3:44355955-44355955,rs73090419,C,C,-0.000658616912756198,3,44397447,chr3:44397447-44397447
chr3:44360153-44360153,rs73090425,T,T,-0.0504380836022866,3,44401645,chr3:44401645-44401645
chr3:158494752-158494752,rs73154307,A,A,0.0682613213833874,3,158212541,chr3:158212541-158212541
chr3:158559125-158559125,rs73154340,A,A,-0.225281734866716,3,158276914,chr3:158276914-158276914
chr12:84521113-84521113,rs73157727,G,G,0.142880090936896,12,84914892,chr12:84914892-84914892
chr3:158750161-158750161,rs73158329,A,A,0.180589289736615,3,158467950,chr3:158467950-158467950
chr3:158762114-158762114,rs73158334,T,T,-0.0283352425274168,3,158479903,chr3:158479903-158479903
chr3:158794962-158794962,rs73158361,G,A,-0.0463473174653561,3,158512751,chr3:158512751-158512751
chr3:158464954-158464954,rs73172122,G,C,0.104132901775423,3,158182743,chr3:158182743-158182743
chr14:64483083-64483083,rs73265640,G,G,0.204191862978211,14,64949801,chr14:64949801-64949801
chr14:67194117-67194117,rs73276994,C,T,-0.0369832995244977,14,67660834,chr14:67660834-67660834
chr7:2217144-2217144,rs733611,A,A,0.20954531702225,7,2256779,chr7:2256779-2256779
chr7:140815125-140815125,rs73492596,G,G,0.0694009439821701,7,140514925,chr7:140514925-140514925
chr10:67887847-67887847,rs737477,A,C,0.0796860380253634,10,69647605,chr10:69647605-69647605
chr6:104906868-104906868,rs7382827,A,A,0.0855391565712355,6,105354743,chr6:105354743-105354743
chr3:44355968-44355968,rs7429291,G,C,0.184060419979864,3,44397460,chr3:44397460-44397460
chr5:88474689-88474689,rs74429030,C,A,-0.0859133565229898,5,87770506,chr5:87770506-87770506
chr7:2217054-2217054,rs745565,C,C,0.226574115557224,7,2256689,chr7:2256689-2256689
chr7:2216771-2216771,rs745566,C,C,0.0075503028304956,7,2256406,chr7:2256406-2256406
chr11:94303308-94303308,rs7481006,C,G,0.406819506997146,11,94036474,chr11:94036474-94036474
chr3:44359169-44359169,rs74897395,T,C,-0.123847362501615,3,44400661,chr3:44400661-44400661
chr18:53021270-53021270,rs7504750,C,A,-0.00915596045840586,18,50547640,chr18:50547640-50547640
chr18:53093717-53093717,rs7506909,G,G,-0.0664657367501194,18,50620087,chr18:50620087-50620087
chr1:96486976-96486976,rs7513962,C,T,-0.145292864774339,1,96952532,chr1:96952532-96952532
chr5:88269908-88269908,rs75214722,C,T,-0.0179864939495558,5,87565725,chr5:87565725-87565725
chr10:68096379-68096379,rs75251748,T,G,-0.162167653823164,10,69856136,chr10:69856136-69856136
chr1:96486978-96486978,rs7525653,A,G,-0.146295708754924,1,96952534,chr1:96952534-96952534
chr18:55054536-55054536,rs75418071,T,G,-0.0706420412364553,18,52721767,chr18:52721767-52721767
chr1:96518788-96518788,rs7541994,A,A,-0.0834722697813689,1,96984344,chr1:96984344-96984344
chr2:143433610-143433610,rs7577593,T,T,0.168033331360822,2,144191179,chr2:144191179-144191179
chr2:143428101-143428101,rs7608024,T,A,0.21809280065236,2,144185670,chr2:144185670-144185670
chr3:44360772-44360772,rs7612349,A,C,0.173683049996719,3,44402264,chr3:44402264-44402264
chr3:158745312-158745312,rs7617304,A,A,0.467164145711782,3,158463101,chr3:158463101-158463101
chr3:44544088-44544088,rs7625504,T,T,-0.198631476302004,3,44585580,chr3:44585580-44585580
chr3:44544180-44544180,rs7625596,G,G,0.147097798430969,3,44585672,chr3:44585672-44585672
chr3:44199051-44199051,rs76277761,T,A,0.192172760748167,3,44240543,chr3:44240543-44240543
chr3:44578516-44578516,rs7627777,G,A,0.0813414211041565,3,44620008,chr3:44620008-44620008
chr3:158112164-158112164,rs7630176,C,T,-0.011414017670944,3,157829953,chr3:157829953-157829953
chr3:158568953-158568953,rs7638518,C,C,0.375341355251738,3,158286742,chr3:158286742-158286742
chr3:158569050-158569050,rs7638606,G,G,-0.276102032990868,3,158286839,chr3:158286839-158286839
chr3:44462240-44462240,rs7649834,C,T,-0.032664406522986,3,44503732,chr3:44503732-44503732
chr3:44578401-44578401,rs7650486,C,T,-0.0363769645238175,3,44619893,chr3:44619893-44619893
chr3:44579227-44579227,rs7653558,T,T,-0.545411462614,3,44620719,chr3:44620719-44620719
chr4:122205295-122205295,rs7671357,A,A,-0.163878594431162,4,123126450,chr4:123126450-123126450
chr4:122602124-122602124,rs7676523,G,A,-0.0796719918216105,4,123523279,chr4:123523279-123523279
chr14:67202002-67202002,rs76956000,T,C,0.192588417895874,14,67668719,chr14:67668719-67668719
chr5:88416702-88416702,rs7708715,C,A,-0.0538766914538722,5,87712519,chr5:87712519-87712519
chr5:140776679-140776679,rs7710380,C,C,0.298637872986437,5,140156264,chr5:140156264-140156264
chr5:140609168-140609168,rs7711117,T,T,0.0044007936061953,5,139988753,chr5:139988753-139988753
chr11:94410151-94410151,rs77241189,C,T,0.0169344036418717,11,94143317,chr11:94143317-94143317
chr14:66945105-66945105,rs77284113,C,G,0.0931379462564172,14,67411822,chr14:67411822-67411822
chr6:104939429-104939429,rs77468007,C,C,0.129614607379075,6,105387304,chr6:105387304-105387304
chr6:104904437-104904437,rs7748422,A,A,-0.0422507167720959,6,105352312,chr6:105352312-105352312
chr6:104762620-104762620,rs7751101,A,G,-0.155928820568978,6,105210495,chr6:105210495-105210495
chr6:104767414-104767414,rs7753202,T,C,-0.0125334919650437,6,105215289,chr6:105215289-105215289
chr6:104908850-104908850,rs7759932,C,C,0.115609770249944,6,105356725,chr6:105356725-105356725
chr6:104931079-104931079,rs7759938,T,T,0.209007098792299,6,105378954,chr6:105378954-105378954
chr6:104908926-104908926,rs7773432,T,T,-0.0489382749419947,6,105356801,chr6:105356801-105356801
chr7:2030882-2030882,rs7778752,T,C,-0.0246246720447624,7,2070517,chr7:2070517-2070517
chr10:67803396-67803396,rs77797709,G,T,0.175423614187843,10,69563154,chr10:69563154-69563154
chr5:140647631-140647631,rs778593,T,C,-0.0836133798885549,5,140027216,chr5:140027216-140027216
chr5:140647719-140647719,rs778594,T,C,-0.096559285796228,5,140027304,chr5:140027304-140027304
chr7:2236358-2236358,rs7787274,A,A,-0.0333917383728302,7,2275993,chr7:2275993-2275993
chr7:1875646-1875646,rs7788921,C,A,0.0774552743471742,7,1915282,chr7:1915282-1915282
chr7:2238591-2238591,rs7799006,T,T,-0.0255046854646065,7,2278226,chr7:2278226-2278226
chr7:140925302-140925302,rs7810757,C,C,0.0867664970513557,7,140625102,chr7:140625102-140625102
chr7:2236750-2236750,rs7810970,G,G,0.0557557683011725,7,2276385,chr7:2276385-2276385
chr3:62571562-62571562,rs78323718,C,C,0.0208280933305078,3,62557237,chr3:62557237-62557237
chr3:158554433-158554433,rs78595291,T,T,-0.0357195335944451,3,158272222,chr3:158272222-158272222
chr11:94488272-94488272,rs78625763,T,C,-0.0284515910905854,11,94221438,chr11:94221438-94221438
chr6:104928322-104928322,rs78756744,G,G,-0.0290982287930533,6,105376197,chr6:105376197-105376197
chr10:67783457-67783457,rs7907573,C,T,0.0334791365868668,10,69543215,chr10:69543215-69543215
chr11:94311676-94311676,rs79153385,G,A,0.0570556421255352,11,94044842,chr11:94044842-94044842
chr11:94554323-94554323,rs7927312,C,T,0.0404382322655274,11,94287489,chr11:94287489-94287489
chr11:94554414-94554414,rs7927463,C,T,0.127298333072781,11,94287580,chr11:94287580-94287580
chr11:31817634-31817634,rs7936522,G,G,-0.0298721655268438,11,31839182,chr11:31839182-31839182
chr11:94557283-94557283,rs7946385,C,A,0.142937334688915,11,94290449,chr11:94290449-94290449
chr12:84568842-84568842,rs7955284,T,C,0.196000303498384,12,84962621,chr12:84962621-84962621
chr12:84599816-84599816,rs7959122,T,C,-0.151714263204388,12,84993595,chr12:84993595-84993595
chr14:67199633-67199633,rs79678646,T,C,-0.0915220208958884,14,67666350,chr14:67666350-67666350
chr5:88873138-88873138,rs797419,C,A,0.142233145941814,5,88168955,chr5:88168955-88168955
chr12:84117346-84117346,rs7978008,T,T,-0.296309116581011,12,84511125,chr12:84511125-84511125
chr6:104996240-104996240,rs79840416,T,C,0.382120440911965,6,105444115,chr6:105444115-105444115
chr7:122349744-122349744,rs798679,C,T,0.103132174914037,7,121989798,chr7:121989798-121989798
chr7:122354752-122354752,rs798690,T,C,-0.0625752774296136,7,121994806,chr7:121994806-121994806
chr18:52870265-52870265,rs79959500,T,T,-0.165797203439815,18,50396635,chr18:50396635-50396635
chr14:64386958-64386958,rs8010584,A,G,-0.130733524202965,14,64853676,chr14:64853676-64853676
chr7:140953481-140953481,rs801094,G,A,0.0431311653866769,7,140653281,chr7:140653281-140653281
chr7:141018793-141018793,rs801125,T,A,-0.051658463010127,7,140718593,chr7:140718593-140718593
chr5:140711225-140711225,rs801184,A,G,0.26461427120786,5,140090810,chr5:140090810-140090810
chr14:67360761-67360761,rs8016024,T,C,0.216851038824951,14,67827478,chr14:67827478-67827478
chr16:71896904-71896904,rs8062946,A,G,-0.013990145282617,16,71930807,chr16:71930807-71930807
chr16:71897129-71897129,rs8063403,C,T,0.163038139477757,16,71931032,chr16:71931032-71931032
chr18:54967862-54967862,rs8083099,G,A,0.164616907215943,18,52635093,chr18:52635093-52635093
chr18:53161710-53161710,rs8095327,T,C,0.372508426773955,18,50688080,chr18:50688080-50688080
chr18:52928228-52928228,rs8097335,T,T,-0.0134252710151485,18,50454598,chr18:50454598-50454598
chr18:53226240-53226240,rs8099160,A,A,0.0291478683078499,18,50752610,chr18:50752610-50752610
chr3:158329654-158329654,rs827187,T,T,-0.108906643350054,3,158047443,chr3:158047443-158047443
chr3:158329964-158329964,rs827188,T,T,-0.107660497073189,3,158047753,chr3:158047753-158047753
chr3:44717897-44717897,rs9284880,C,T,-0.219628925971394,3,44759389,chr3:44759389-44759389
chr3:44754640-44754640,rs9311361,T,G,-0.113789977544578,3,44796132,chr3:44796132-44796132
chr6:104746776-104746776,rs9322812,A,G,-0.0648550795304204,6,105194651,chr6:105194651-105194651
chr6:104762729-104762729,rs9322814,A,G,0.111663761178581,6,105210604,chr6:105210604-105210604
chr6:104762807-104762807,rs9322815,A,G,0.0107808180090724,6,105210682,chr6:105210682-105210682
chr14:64505031-64505031,rs9323451,A,A,0.13396519505953,14,64971749,chr14:64971749-64971749
chr14:64505426-64505426,rs9323452,C,C,-0.0410851148198461,14,64972144,chr14:64972144-64972144
chr10:67884459-67884459,rs932658,A,C,-0.0521883732800888,10,69644217,chr10:69644217-69644217
chr6:104710759-104710759,rs9391227,T,A,0.0607672242430634,6,105158634,chr6:105158634-105158634
chr6:104919741-104919741,rs9391253,A,T,-0.203182315920651,6,105367616,chr6:105367616-105367616
chr6:104929472-104929472,rs9391254,C,T,-0.0387230974188745,6,105377347,chr6:105377347-105377347
chr6:104769094-104769094,rs9399896,A,G,-0.0726631448504158,6,105216969,chr6:105216969-105216969
chr6:104822718-104822718,rs9399898,A,A,0.287838096494678,6,105270593,chr6:105270593-105270593
chr6:104953138-104953138,rs9404590,T,G,0.0965974137294502,6,105401013,chr6:105401013-105401013
chr6:104705647-104705647,rs9499926,T,T,0.132607705065849,6,105153522,chr6:105153522-105153522
chr7:122363912-122363912,rs9641684,G,A,-0.245870804295158,7,122003966,chr7:122003966-122003966
chr12:84357651-84357651,rs9669137,G,G,-0.312116355893981,12,84751430,chr12:84751430-84751430
chr18:37755682-37755682,rs972900,C,C,-0.0771454104056359,18,35335646,chr18:35335646-35335646
chr5:140926544-140926544,rs9765406,G,G,0.120391581667875,5,140306129,chr5:140306129-140306129
chr18:53021129-53021129,rs9807185,T,T,-0.0735120768951239,18,50547499,chr18:50547499-50547499
chr3:44560124-44560124,rs9810216,T,T,0.10000199276925,3,44601616,chr3:44601616-44601616
chr3:44342327-44342327,rs9812457,G,T,0.204769717075407,3,44383819,chr3:44383819-44383819
chr3:44335463-44335463,rs9812643,A,G,-0.0263306983310629,3,44376955,chr3:44376955-44376955
chr3:44460616-44460616,rs9812663,A,G,-0.0275101964195343,3,44502108,chr3:44502108-44502108
chr3:158571021-158571021,rs9819631,C,G,0.00300543937518273,3,158288810,chr3:158288810-158288810
chr3:44479488-44479488,rs9819766,G,C,-0.11209691462604,3,44520980,chr3:44520980-44520980
chr3:44512230-44512230,rs9835270,G,A,-0.0677971747000175,3,44553722,chr3:44553722-44553722
chr3:158668800-158668800,rs9844619,G,G,-0.00670477224172537,3,158386589,chr3:158386589-158386589
chr3:158716104-158716104,rs9847162,T,T,-0.0333617880610058,3,158433893,chr3:158433893-158433893
chr3:158716348-158716348,rs9847482,T,T,-0.0633863942631951,3,158434137,chr3:158434137-158434137
chr3:44490555-44490555,rs9850129,C,T,-0.334706075189318,3,44532047,chr3:44532047-44532047
chr3:44235847-44235847,rs9852733,C,T,-0.0485883195239162,3,44277339,chr3:44277339-44277339
chr3:44560966-44560966,rs9853203,T,T,-0.0766410300318781,3,44602458,chr3:44602458-44602458
chr3:44568966-44568966,rs9867336,T,T,0.0226352963446776,3,44610458,chr3:44610458-44610458
chr3:44539850-44539850,rs9868821,T,T,-0.0677576714996517,3,44581342,chr3:44581342-44581342
chr3:44475004-44475004,rs9873072,G,A,-0.0873947285935287,3,44516496,chr3:44516496-44516496
chr11:94558885-94558885,rs9919636,G,A,0.0377344923471527,11,94292051,chr11:94292051-94292051
chr5:88544870-88544870,rs992623,G,A,-0.16254661673463,5,87840688,chr5:87840688-87840688
chr16:71884275-71884275,rs9932922,T,C,-0.166275562146436,16,71918178,chr16:71918178-71918178
chr16:6286439-6286439,rs9933185,T,T,-0.00675950566584538,16,6336440,chr16:6336440-6336440
chr16:71900516-71900516,rs9937936,A,T,-0.212634299940098,16,71934419,chr16:71934419-71934419
chr16:6284943-6284943,rs9939777,A,A,0.0343410806645241,16,6334944,chr16:6334944-6334944
chr18:54970153-54970153,rs9953886,G,A,0.201024570391128,18,52637384,chr18:52637384-52637384
chr18:52898697-52898697,rs9957129,T,T,-0.0477633113808074,18,50425067,chr18:50425067-50425067
chr18:52914029-52914029,rs9966074,T,T,0.131818062784377,18,50440399,chr18:50440399-50440399
